cell_id,state,latitude,longitude,B2,B3,B4,B8,B11,B12,ndvi,clay_index,ferrous_index,mn_proxy,elevation,slope,distance_to_fault,prospectivity_score,confidence,priority
CELL-00001,Odisha,20.070916,84.925915,0.0989,0.112,0.0618,0.2368,0.2702,0.199,0.5864,1.3577,1.1411,0.1517,1186.6,4.8,34.8,0.5501,0.385,Medium
CELL-00002,Odisha,22.152793,85.077308,0.1489,0.0493,0.0387,0.3535,0.2651,0.1322,0.8025,2.0044,0.7498,0.3343,187.4,3.0,44.7,0.7274,0.5678,High
CELL-00003,Odisha,20.679969,84.064989,0.029,0.1079,0.0322,0.3801,0.1548,0.212,0.8439,0.7301,0.4072,-0.156,1068.1,22.8,26.6,0.4629,0.5374,Medium
CELL-00004,Odisha,22.008461,85.982418,0.106,0.1137,0.1515,0.2628,0.0992,0.2187,0.2686,0.4538,0.3776,-0.3757,1153.4,6.1,34.5,0.4964,0.4235,Medium
CELL-00005,Odisha,20.290029,84.351113,0.1183,0.0821,0.1397,0.3784,0.3767,0.1204,0.4608,3.1289,0.9955,0.5156,539.2,5.3,49.6,0.9148,0.6951,High
CELL-00006,Odisha,22.5261,84.562874,0.1011,0.0434,0.1559,0.1447,0.3443,0.2846,-0.0374,1.2099,2.3797,0.095,879.6,1.3,15.2,1.0,0.5127,High
CELL-00007,Odisha,20.262928,85.810873,0.092,0.0758,0.0915,0.2565,0.2722,0.2047,0.4744,1.3297,1.0611,0.1415,1111.3,17.4,49.6,0.4902,0.576,Medium
CELL-00008,Odisha,22.791786,83.349099,0.1263,0.0871,0.178,0.4038,0.3379,0.287,0.388,1.1773,0.8367,0.0814,435.1,2.8,20.1,0.635,0.4506,Medium
CELL-00009,Odisha,21.038299,85.926831,0.1033,0.1534,0.0439,0.4017,0.3753,0.1961,0.8031,1.9135,0.9342,0.3136,766.9,26.8,8.7,0.5133,0.5814,Medium
CELL-00010,Odisha,20.439122,84.102603,0.0289,0.0339,0.0443,0.4371,0.2558,0.3397,0.8158,0.7531,0.5853,-0.1409,575.7,10.9,25.3,0.4913,0.6157,Medium
CELL-00011,Odisha,21.922479,83.648115,0.1005,0.1275,0.0474,0.1215,0.3298,0.1879,0.4389,1.755,2.7154,0.2741,164.0,34.8,2.9,1.0,0.6163,High
CELL-00012,Odisha,20.364155,83.909825,0.0331,0.1338,0.0312,0.2783,0.3989,0.2942,0.7983,1.3561,1.4335,0.1511,776.7,10.7,31.2,0.542,0.7014,Medium
CELL-00013,Odisha,20.392131,85.659813,0.0785,0.0592,0.0862,0.2449,0.3448,0.2701,0.4794,1.2767,1.4077,0.1215,946.2,0.4,20.8,0.7103,0.5579,High
CELL-00014,Odisha,20.77944,85.280869,0.0378,0.1103,0.0587,0.1042,0.1572,0.3428,0.2792,0.4586,1.5079,-0.3712,981.7,33.6,24.4,0.834,0.5433,High
CELL-00015,Odisha,21.363132,85.533071,0.0328,0.1032,0.047,0.2136,0.316,0.1928,0.6393,1.6387,1.4789,0.2421,513.5,13.8,23.0,0.9237,0.6644,High
CELL-00016,Odisha,22.866004,85.36071,0.061,0.1332,0.0988,0.1891,0.3491,0.0615,0.3139,5.6735,1.8457,0.7003,1091.9,16.2,31.9,1.0,0.5877,High
CELL-00017,Odisha,21.910009,84.841801,0.0287,0.1078,0.047,0.3581,0.2439,0.2541,0.7678,0.96,0.6811,-0.0204,145.8,3.0,35.8,0.6608,0.8498,Medium
CELL-00018,Odisha,20.889607,84.04911,0.1207,0.1292,0.0533,0.1609,0.1115,0.2481,0.5022,0.4494,0.6927,-0.3799,940.8,9.3,1.0,0.8887,0.6105,High
CELL-00019,Odisha,21.873991,84.145819,0.0467,0.0482,0.1307,0.3711,0.286,0.2091,0.4791,1.3681,0.7708,0.1554,146.1,33.9,39.9,0.9119,0.9027,High
CELL-00020,Odisha,22.24422,85.435309,0.1053,0.0492,0.0809,0.4248,0.1519,0.1617,0.6801,0.9395,0.3575,-0.0312,575.3,15.4,30.6,0.4877,0.593,Medium
CELL-00021,Odisha,22.660775,84.937432,0.0572,0.1524,0.175,0.3963,0.3741,0.1257,0.3872,2.9764,0.9439,0.497,930.5,16.1,42.1,0.9645,0.6874,High
CELL-00022,Odisha,21.968486,83.532286,0.0909,0.1777,0.1887,0.1151,0.1327,0.0895,-0.2423,1.4828,1.1532,0.1945,898.6,28.6,10.7,1.0,0.6409,High
CELL-00023,Odisha,22.198405,84.626712,0.0967,0.1063,0.0736,0.2978,0.3004,0.312,0.6038,0.963,1.009,-0.0189,799.9,26.6,8.0,0.8008,0.6916,High
CELL-00024,Odisha,20.740037,85.179385,0.1489,0.0449,0.0923,0.38,0.1453,0.2165,0.6093,0.671,0.3823,-0.1969,906.4,21.6,9.4,0.7136,0.5861,High
CELL-00025,Odisha,21.66268,83.015689,0.1189,0.0353,0.1542,0.1709,0.3866,0.1604,0.0512,2.4104,2.2625,0.4136,459.6,5.2,15.3,1.0,0.3666,High
CELL-00026,Odisha,22.166213,85.658587,0.0971,0.0887,0.0943,0.3435,0.081,0.2359,0.5693,0.3435,0.2359,-0.4886,491.0,27.8,4.6,0.4875,0.8553,Medium
CELL-00027,Odisha,21.926977,83.194561,0.0954,0.1142,0.1209,0.3112,0.2965,0.2915,0.4404,1.0171,0.9526,0.0085,396.8,28.9,24.9,0.7073,0.529,High
CELL-00028,Odisha,22.123043,85.365845,0.0872,0.096,0.0465,0.2149,0.2189,0.0766,0.6439,2.8583,1.0187,0.4816,342.7,20.9,36.8,0.8264,0.8254,High
CELL-00029,Odisha,21.908532,85.356955,0.0354,0.0915,0.1712,0.2343,0.263,0.2263,0.1558,1.162,1.1223,0.0749,302.9,12.7,16.7,0.8307,0.7347,High
CELL-00030,Odisha,21.554236,83.896177,0.1423,0.0689,0.0973,0.4055,0.3494,0.1058,0.6128,3.3017,0.8618,0.5351,982.9,16.0,24.1,1.0,0.8863,High
CELL-00031,Odisha,21.310552,85.188525,0.1195,0.0538,0.1298,0.1474,0.3204,0.2471,0.0632,1.2969,2.1743,0.1293,1152.3,2.4,2.9,1.0,0.6036,High
CELL-00032,Odisha,20.740936,85.718764,0.0524,0.0708,0.1567,0.2574,0.3285,0.0696,0.2432,4.7198,1.2764,0.6503,636.3,1.2,3.1,1.0,0.673,High
CELL-00033,Odisha,21.04203,85.6995,0.0228,0.1296,0.1934,0.2961,0.3798,0.0657,0.2097,5.7826,1.2828,0.7051,560.7,9.1,36.5,1.0,0.6641,High
CELL-00034,Odisha,21.695991,84.391797,0.1464,0.1213,0.0829,0.1399,0.1284,0.1176,0.2559,1.0919,0.9176,0.0439,376.1,29.8,28.1,0.847,0.7726,High
CELL-00035,Odisha,22.580419,85.168443,0.0288,0.1362,0.1178,0.1286,0.2267,0.1954,0.0437,1.1599,1.7624,0.074,282.4,33.1,42.5,0.7948,0.8104,High
CELL-00036,Odisha,21.235297,84.95292,0.0909,0.0393,0.1123,0.3822,0.227,0.0656,0.546,3.4604,0.5938,0.5516,964.9,7.0,12.9,1.0,0.626,High
CELL-00037,Odisha,22.270255,84.558158,0.0466,0.1617,0.1783,0.4047,0.1564,0.1854,0.3883,0.8438,0.3865,-0.0847,1183.5,27.0,1.4,0.7255,0.6105,High
CELL-00038,Odisha,22.727661,84.616105,0.0847,0.0458,0.1382,0.3877,0.2017,0.2827,0.4744,0.7136,0.5203,-0.1671,1160.9,7.1,26.2,0.6559,0.5482,Medium
CELL-00039,Odisha,21.73278,84.903747,0.1237,0.0894,0.1847,0.2866,0.1305,0.2588,0.2161,0.5045,0.4556,-0.3294,972.6,11.1,42.9,0.7264,0.7784,High
CELL-00040,Odisha,22.950564,83.422135,0.0463,0.0576,0.1809,0.329,0.1287,0.1821,0.2904,0.7066,0.3911,-0.1719,776.8,2.9,44.1,0.3947,0.6701,Low
CELL-00041,Odisha,22.90138,84.253283,0.1479,0.1302,0.1342,0.1581,0.3622,0.1782,0.0816,2.0321,2.2913,0.3404,278.5,0.4,28.0,1.0,0.609,High
CELL-00042,Odisha,22.670774,83.23822,0.1151,0.0581,0.1745,0.3867,0.2531,0.2631,0.3782,0.9619,0.6544,-0.0194,445.8,16.5,41.1,0.2764,0.481,Low
CELL-00043,Odisha,21.482637,85.484748,0.0636,0.0561,0.1482,0.3891,0.1122,0.122,0.4484,0.92,0.2884,-0.0417,256.2,12.2,22.5,0.6686,0.778,Medium
CELL-00044,Odisha,21.862786,84.057125,0.1294,0.1007,0.1962,0.3219,0.1204,0.2529,0.2426,0.4762,0.374,-0.3548,457.6,24.0,3.5,0.824,0.6882,High
CELL-00045,Odisha,20.681539,85.511123,0.0563,0.1264,0.1449,0.2794,0.1777,0.1138,0.3169,1.5616,0.6359,0.2192,136.5,10.6,32.7,0.7382,0.6716,High
CELL-00046,Odisha,21.994955,83.780861,0.1379,0.1306,0.1209,0.1388,0.2231,0.1881,0.0692,1.1858,1.6065,0.085,1051.0,19.1,19.0,0.9468,0.66,High
CELL-00047,Odisha,22.219712,85.75423,0.0564,0.1588,0.0726,0.4188,0.3213,0.2915,0.7045,1.1022,0.7672,0.0486,119.8,33.7,36.3,0.5677,0.5304,Medium
CELL-00048,Odisha,20.844564,85.618262,0.0346,0.1356,0.1173,0.1338,0.1574,0.0537,0.0656,2.9301,1.1765,0.4911,615.6,10.5,29.9,0.929,0.4988,High
CELL-00049,Odisha,22.22958,83.144429,0.1374,0.1578,0.1402,0.3076,0.3655,0.1056,0.3739,3.4616,1.1882,0.5517,186.9,8.4,39.7,0.9511,0.5224,High
CELL-00050,Odisha,22.986313,85.567088,0.0878,0.0395,0.1696,0.3096,0.1168,0.0782,0.2921,1.4942,0.3771,0.1981,1100.6,23.4,41.5,0.4606,0.6256,Medium
CELL-00051,Odisha,21.552339,84.291282,0.0612,0.0952,0.1593,0.3107,0.3656,0.183,0.3221,1.9977,1.1768,0.3328,767.8,22.1,29.6,1.0,0.846,High
CELL-00052,Odisha,21.537091,83.312674,0.07,0.1032,0.1374,0.4327,0.2722,0.2731,0.518,0.9968,0.6291,-0.0016,656.9,22.2,3.5,0.5993,0.4898,Medium
CELL-00053,Odisha,21.41748,83.136946,0.0382,0.0715,0.1949,0.216,0.2343,0.1088,0.0513,2.1525,1.0846,0.3656,771.9,9.8,10.3,0.9264,0.5959,High
CELL-00054,Odisha,20.022992,83.657206,0.0248,0.0462,0.081,0.3809,0.2631,0.2038,0.6493,1.2908,0.6906,0.1269,422.8,32.6,19.9,0.5246,0.4697,Medium
CELL-00055,Odisha,20.341515,84.035669,0.086,0.1611,0.1088,0.3458,0.3977,0.0894,0.5212,4.4462,1.1501,0.6328,402.2,13.8,21.1,1.0,0.5946,High
CELL-00056,Odisha,22.142098,84.823716,0.0602,0.1536,0.1919,0.3874,0.0805,0.2409,0.3375,0.3341,0.2078,-0.4991,156.2,9.0,3.0,0.8766,0.7818,High
CELL-00057,Odisha,20.343463,84.151517,0.0793,0.0854,0.0418,0.2466,0.3204,0.0713,0.7102,4.4932,1.299,0.6359,188.2,12.4,47.1,1.0,0.7345,High
CELL-00058,Odisha,21.08576,84.780982,0.0213,0.1254,0.1844,0.3144,0.3596,0.2672,0.2606,1.3458,1.1437,0.1474,232.6,31.6,3.3,0.9246,0.7358,High
CELL-00059,Odisha,20.03512,84.266103,0.0584,0.1029,0.1239,0.1153,0.1194,0.2176,-0.0359,0.5486,1.0351,-0.2915,477.5,25.5,32.6,0.6935,0.662,Medium
CELL-00060,Odisha,21.289793,85.0189,0.0558,0.0759,0.162,0.2562,0.3355,0.2967,0.2253,1.1306,1.3092,0.0613,1043.3,32.1,21.5,1.0,0.5412,High
CELL-00061,Odisha,21.113517,84.803223,0.1117,0.1333,0.0874,0.1584,0.2178,0.0928,0.2888,2.3472,1.3748,0.4025,1079.1,12.1,7.7,1.0,0.7102,High
CELL-00062,Odisha,21.910707,84.021812,0.0293,0.0914,0.076,0.337,0.2738,0.1594,0.6319,1.7182,0.8126,0.2642,339.7,34.6,22.7,0.7893,0.7479,High
CELL-00063,Odisha,21.456769,83.08261,0.0857,0.1746,0.0892,0.1136,0.0899,0.1664,0.1208,0.5403,0.7911,-0.2984,276.0,0.8,37.8,0.4755,0.5518,Medium
CELL-00064,Odisha,22.70025,83.348417,0.1443,0.0771,0.1799,0.311,0.3445,0.3452,0.2671,0.9981,1.1078,-0.001,417.2,33.6,19.5,0.4835,0.4378,Medium
CELL-00065,Odisha,21.624223,83.462435,0.092,0.1113,0.1571,0.3918,0.2209,0.1407,0.4274,1.5703,0.5639,0.2219,385.3,6.8,2.9,0.7084,0.5567,High
CELL-00066,Odisha,22.899252,84.673126,0.0651,0.1171,0.0451,0.2554,0.2804,0.1967,0.7001,1.4257,1.0978,0.1755,542.0,34.8,44.0,0.6873,0.7843,Medium
CELL-00067,Odisha,21.861981,83.603936,0.0714,0.0359,0.1056,0.2901,0.1529,0.3392,0.4662,0.4507,0.5271,-0.3786,1100.4,25.3,26.7,0.6007,0.683,Medium
CELL-00068,Odisha,22.382632,83.827303,0.134,0.1716,0.0468,0.2619,0.3939,0.195,0.6969,2.0199,1.5039,0.3377,1049.9,20.6,18.8,0.8632,0.5682,High
CELL-00069,Odisha,22.285395,84.159622,0.0865,0.1038,0.1239,0.403,0.3938,0.1723,0.5296,2.2861,0.9774,0.3914,1010.3,26.8,28.7,1.0,0.6512,High
CELL-00070,Odisha,22.679271,83.187373,0.1349,0.0972,0.1119,0.3193,0.3764,0.0557,0.4811,6.7542,1.1789,0.7421,624.5,24.1,36.1,1.0,0.576,High
CELL-00071,Odisha,20.898187,84.076147,0.1246,0.0718,0.0579,0.4351,0.0828,0.3493,0.765,0.2371,0.1904,-0.6167,844.5,29.0,14.7,0.6611,0.7612,Medium
CELL-00072,Odisha,20.428551,85.260284,0.12,0.1288,0.1579,0.3961,0.2764,0.0766,0.4299,3.6086,0.6977,0.566,636.4,2.7,20.4,0.9233,0.5885,High
CELL-00073,Odisha,21.046462,83.332994,0.1251,0.1722,0.033,0.4343,0.2472,0.1399,0.8587,1.7675,0.5693,0.2773,184.5,17.5,39.7,0.5818,0.6204,Medium
CELL-00074,Odisha,20.218706,84.20862,0.0584,0.0649,0.0706,0.3812,0.3774,0.1715,0.6876,2.1999,0.9899,0.375,1096.7,11.3,23.8,0.8559,0.479,High
CELL-00075,Odisha,22.936943,84.810479,0.0665,0.1272,0.0421,0.411,0.241,0.1848,0.8141,1.304,0.5863,0.1319,744.5,21.9,3.6,0.4974,0.6577,Medium
CELL-00076,Odisha,22.141858,85.467604,0.1245,0.1129,0.1136,0.15,0.3281,0.1314,0.138,2.4966,2.1873,0.428,646.4,9.9,6.7,1.0,0.6411,High
CELL-00077,Odisha,22.245936,83.95276,0.02,0.1067,0.0284,0.1967,0.3062,0.0688,0.7474,4.4506,1.5572,0.6331,1023.3,0.1,12.3,1.0,0.7738,High
CELL-00078,Odisha,20.305677,84.080702,0.0552,0.1564,0.0764,0.3761,0.3654,0.1801,0.6623,2.0284,0.9715,0.3396,1100.9,13.2,48.2,0.74,0.5519,High
CELL-00079,Odisha,21.481442,84.162946,0.1023,0.1356,0.0208,0.1584,0.3082,0.2499,0.768,1.2331,1.9451,0.1044,1162.7,26.6,47.5,0.9133,0.8552,High
CELL-00080,Odisha,20.316095,85.345472,0.1037,0.0372,0.0848,0.4349,0.2401,0.1798,0.6736,1.3354,0.5522,0.1436,603.5,7.3,18.4,0.5444,0.567,Medium
CELL-00081,Odisha,22.302703,84.249513,0.1269,0.1576,0.0582,0.3301,0.2311,0.314,0.7004,0.736,0.7002,-0.1521,337.3,23.7,30.4,0.5868,0.6321,Medium
CELL-00082,Odisha,21.954919,85.215792,0.061,0.1267,0.0911,0.3496,0.1437,0.3171,0.5865,0.4534,0.4112,-0.3761,416.2,12.9,2.9,0.7101,0.5726,High
CELL-00083,Odisha,20.802778,85.506441,0.0219,0.0869,0.0807,0.1068,0.1198,0.1741,0.1389,0.6881,1.1221,-0.1847,642.2,14.2,26.5,0.738,0.6178,High
CELL-00084,Odisha,21.392285,85.890498,0.0875,0.1316,0.0761,0.3709,0.3273,0.2064,0.6594,1.586,0.8825,0.2266,1173.6,4.4,0.8,0.8165,0.65,High
CELL-00085,Odisha,20.360622,83.796748,0.0223,0.074,0.1592,0.2813,0.1914,0.1615,0.2773,1.1849,0.6804,0.0846,101.5,10.5,32.3,0.6826,0.6669,Medium
CELL-00086,Odisha,21.373987,84.194016,0.0594,0.0399,0.0611,0.1863,0.2349,0.2742,0.5062,0.8566,1.2608,-0.0772,621.2,2.0,47.9,0.8959,0.7734,High
CELL-00087,Odisha,22.888305,83.226815,0.0675,0.0638,0.0552,0.1493,0.2792,0.2844,0.4597,0.9816,1.8701,-0.0093,736.1,5.1,40.6,0.5508,0.6753,Medium
CELL-00088,Odisha,22.022391,83.779715,0.0649,0.1676,0.0723,0.2645,0.3648,0.2623,0.5707,1.3909,1.3794,0.1635,168.4,5.2,0.4,0.9061,0.8755,High
CELL-00089,Odisha,20.402825,85.873802,0.0889,0.0663,0.1101,0.3379,0.1044,0.1324,0.5084,0.7884,0.309,-0.1183,987.7,16.1,27.3,0.3425,0.528,Low
CELL-00090,Odisha,20.497249,84.336625,0.0472,0.0375,0.1719,0.4434,0.3338,0.3061,0.4414,1.0904,0.7528,0.0432,366.2,33.6,9.8,0.5905,0.6938,Medium
CELL-00091,Odisha,21.310988,84.780683,0.0295,0.1234,0.1966,0.1665,0.3336,0.3224,-0.0828,1.0349,2.0033,0.0172,1138.1,33.6,26.1,1.0,0.6249,High
CELL-00092,Odisha,22.154994,83.742021,0.1033,0.13,0.0493,0.2978,0.3269,0.1997,0.716,1.6373,1.0979,0.2417,113.3,0.3,17.9,0.7577,0.7102,High
CELL-00093,Odisha,20.96501,85.544126,0.1148,0.0443,0.0972,0.1102,0.2339,0.2487,0.0629,0.9403,2.1222,-0.0308,230.4,10.1,19.9,0.8887,0.4637,High
CELL-00094,Odisha,22.262795,85.755279,0.1436,0.1166,0.0843,0.3756,0.1603,0.2192,0.6335,0.7313,0.4268,-0.1552,494.4,23.0,12.0,0.5018,0.4843,Medium
CELL-00095,Odisha,20.662558,83.11679,0.0247,0.0563,0.176,0.1989,0.3841,0.2245,0.0609,1.7112,1.9317,0.2623,580.3,20.3,25.8,0.8625,0.6532,High
CELL-00096,Odisha,21.059151,85.682283,0.143,0.1639,0.0955,0.3731,0.2324,0.1993,0.5924,1.1664,0.6229,0.0768,325.1,20.7,9.3,0.7119,0.5687,High
CELL-00097,Odisha,20.621227,83.213475,0.029,0.1711,0.1112,0.2433,0.3395,0.3007,0.3725,1.1288,1.3954,0.0605,465.4,24.3,38.6,0.5791,0.6086,Medium
CELL-00098,Odisha,22.627649,84.617284,0.0567,0.0938,0.0268,0.1448,0.325,0.05,0.6879,6.499,2.245,0.7333,558.2,18.3,2.7,1.0,0.5214,High
CELL-00099,Odisha,20.69125,83.004421,0.1148,0.175,0.0604,0.3321,0.3174,0.3045,0.6923,1.0423,0.9559,0.0207,564.9,10.6,16.3,0.6247,0.6029,Medium
CELL-00100,Odisha,20.544842,84.112823,0.1373,0.151,0.1973,0.364,0.2058,0.2272,0.297,0.9059,0.5655,-0.0493,827.1,2.7,27.2,0.6068,0.6977,Medium
CELL-00101,Odisha,22.341895,84.751318,0.1438,0.0364,0.0678,0.3105,0.1749,0.2643,0.6418,0.6617,0.5632,-0.2036,934.9,3.6,25.7,0.4765,0.6839,Medium
CELL-00102,Odisha,22.798775,85.482519,0.1106,0.1371,0.1031,0.4223,0.3023,0.2687,0.6075,1.125,0.7157,0.0588,1047.9,9.6,40.4,0.4368,0.4457,Low
CELL-00103,Odisha,21.006831,85.935576,0.1313,0.1352,0.1509,0.2967,0.3831,0.1989,0.3259,1.9262,1.291,0.3165,518.6,5.7,39.3,0.7368,0.7168,High
CELL-00104,Odisha,20.07558,85.516992,0.0215,0.1356,0.1946,0.2532,0.1552,0.2615,0.1307,0.5936,0.613,-0.2551,998.8,19.1,48.4,0.4412,0.4714,Low
CELL-00105,Odisha,22.155362,85.587921,0.0433,0.15,0.1195,0.2388,0.1221,0.3096,0.333,0.3946,0.5115,-0.4342,273.0,10.8,14.5,0.6605,0.6905,Medium
CELL-00106,Odisha,22.390044,83.751404,0.1012,0.1158,0.1699,0.4171,0.0839,0.2522,0.4211,0.3326,0.2011,-0.5008,157.0,19.2,14.4,0.4917,0.4903,Medium
CELL-00107,Odisha,21.863877,84.00215,0.1153,0.0907,0.0323,0.3743,0.1714,0.1798,0.8411,0.9534,0.458,-0.0239,854.0,11.6,2.8,0.7784,0.6922,High
CELL-00108,Odisha,21.925203,85.014437,0.1022,0.0598,0.0953,0.3628,0.1124,0.1334,0.584,0.8432,0.3099,-0.0851,404.0,15.1,49.0,0.5886,0.624,Medium
CELL-00109,Odisha,20.538094,85.91203,0.0347,0.0905,0.1528,0.3466,0.2153,0.154,0.388,1.3983,0.6211,0.1661,537.4,9.2,10.3,0.4698,0.5309,Medium
CELL-00110,Odisha,20.862385,84.970268,0.1459,0.1205,0.0339,0.1265,0.3845,0.1392,0.5776,2.7621,3.0403,0.4684,201.3,21.0,31.2,1.0,0.7641,High
CELL-00111,Odisha,20.045332,85.895046,0.0526,0.1314,0.1472,0.3135,0.1801,0.1313,0.361,1.3716,0.5746,0.1567,757.4,30.3,47.3,0.3689,0.5277,Low
CELL-00112,Odisha,21.762758,85.103419,0.1084,0.0912,0.0228,0.304,0.161,0.1851,0.8606,0.8699,0.5295,-0.0696,1153.3,14.0,42.0,0.6589,0.5993,Medium
CELL-00113,Odisha,22.931021,83.305679,0.0211,0.095,0.0367,0.3619,0.3727,0.1802,0.816,2.0679,1.0296,0.3481,384.6,15.2,36.2,0.5976,0.5117,Medium
CELL-00114,Odisha,21.839875,84.913065,0.0515,0.1371,0.0365,0.1697,0.3608,0.2716,0.6464,1.3283,2.1255,0.141,115.1,8.7,10.7,1.0,0.6366,High
CELL-00115,Odisha,20.187579,84.376822,0.1153,0.121,0.1411,0.1284,0.3845,0.3015,-0.0472,1.275,2.9943,0.1209,985.6,28.8,46.6,0.9789,0.6229,High
CELL-00116,Odisha,21.850351,85.228644,0.1159,0.1082,0.0323,0.2299,0.3746,0.2253,0.7535,1.6626,1.6297,0.2489,692.2,9.4,18.4,1.0,0.7509,High
CELL-00117,Odisha,22.362161,84.363036,0.1019,0.0673,0.147,0.2497,0.2216,0.2448,0.2589,0.9053,0.8877,-0.0497,1129.9,2.2,41.2,0.7032,0.4917,High
CELL-00118,Odisha,20.06574,83.903138,0.0853,0.0384,0.1084,0.4245,0.1137,0.2793,0.5932,0.4071,0.2679,-0.4213,550.6,22.9,13.0,0.436,0.539,Low
CELL-00119,Odisha,20.211476,83.55694,0.1063,0.1623,0.1665,0.3398,0.1153,0.1368,0.3422,0.8434,0.3394,-0.085,440.8,8.7,25.8,0.3031,0.6138,Low
CELL-00120,Odisha,21.061367,85.485667,0.1226,0.0762,0.1845,0.4335,0.1846,0.1563,0.4029,1.1806,0.4258,0.0828,656.2,32.9,43.8,0.5386,0.553,Medium
CELL-00121,Odisha,21.660114,84.509397,0.0452,0.1588,0.1418,0.3933,0.3548,0.2745,0.4698,1.2925,0.9022,0.1276,583.1,21.4,8.0,0.9347,0.8294,High
CELL-00122,Odisha,22.081849,83.688794,0.0353,0.0548,0.0204,0.3516,0.3144,0.2045,0.8905,1.5374,0.8942,0.2118,277.5,2.9,1.0,0.7674,0.5244,High
CELL-00123,Odisha,20.316036,83.667084,0.0875,0.1212,0.0642,0.1202,0.2051,0.1203,0.304,1.7057,1.7065,0.2608,341.5,33.6,30.8,0.6857,0.7241,Medium
CELL-00124,Odisha,21.286833,84.622715,0.1105,0.1353,0.0509,0.275,0.2118,0.3112,0.6876,0.6808,0.7702,-0.1899,794.6,18.6,5.8,0.818,0.7886,High
CELL-00125,Odisha,21.01162,83.428526,0.11,0.0609,0.0905,0.4135,0.1454,0.2023,0.6408,0.7185,0.3516,-0.1638,561.2,0.6,39.6,0.5028,0.5469,Medium
CELL-00126,Odisha,21.682035,84.885279,0.1095,0.068,0.0218,0.3532,0.2514,0.3008,0.8838,0.8357,0.7118,-0.0895,1003.5,29.5,24.3,0.823,0.6735,High
CELL-00127,Odisha,21.353882,83.550327,0.1311,0.1624,0.1039,0.1265,0.2041,0.2911,0.0979,0.7012,1.6135,-0.1756,1092.0,7.1,3.3,0.972,0.7499,High
CELL-00128,Odisha,21.625283,85.904197,0.0287,0.1272,0.0333,0.2314,0.3372,0.18,0.7482,1.873,1.4572,0.3039,1196.9,19.6,16.1,0.7827,0.4696,High
CELL-00129,Odisha,21.1176,83.206141,0.068,0.0996,0.1501,0.3299,0.3068,0.0525,0.3745,5.8429,0.9301,0.7077,339.4,23.2,24.2,1.0,0.7489,High
CELL-00130,Odisha,20.19939,85.299545,0.0959,0.1473,0.1553,0.3811,0.2458,0.0921,0.4209,2.6685,0.645,0.4548,838.3,21.7,37.1,0.6915,0.523,Medium
CELL-00131,Odisha,22.671229,85.249933,0.1381,0.1438,0.1275,0.3289,0.3645,0.2236,0.4414,1.6299,1.1081,0.2395,795.6,5.5,23.7,0.6987,0.6847,Medium
CELL-00132,Odisha,20.606763,83.94148,0.0514,0.0622,0.0965,0.4177,0.2423,0.1064,0.6248,2.2774,0.5799,0.3898,184.7,24.4,19.1,0.8437,0.745,High
CELL-00133,Odisha,22.388724,83.815838,0.11,0.0696,0.189,0.3227,0.1838,0.1309,0.2613,1.405,0.5697,0.1684,310.0,24.3,10.9,0.6205,0.6936,Medium
CELL-00134,Odisha,21.985907,85.444819,0.1211,0.1441,0.0538,0.1309,0.3037,0.1605,0.4176,1.8919,2.3192,0.3084,575.6,1.1,13.0,1.0,0.4842,High
CELL-00135,Odisha,20.116938,85.000542,0.062,0.1647,0.1799,0.2139,0.3683,0.3488,0.0863,1.0558,1.7223,0.0271,1008.0,29.6,12.5,0.7873,0.5919,High
CELL-00136,Odisha,20.284754,85.996678,0.0625,0.1422,0.1652,0.4003,0.3992,0.1224,0.4157,3.2605,0.9973,0.5306,144.4,14.4,6.5,0.8675,0.4974,High
CELL-00137,Odisha,22.351215,84.698542,0.0607,0.1282,0.0618,0.105,0.3246,0.2371,0.2594,1.3689,3.0904,0.1557,938.5,1.4,41.9,1.0,0.8709,High
CELL-00138,Odisha,21.873842,85.5933,0.0963,0.1171,0.1983,0.3649,0.2215,0.2622,0.2957,0.8448,0.6072,-0.0841,528.2,8.0,29.8,0.6638,0.4167,Medium
CELL-00139,Odisha,20.634908,85.986893,0.1475,0.1274,0.1648,0.3503,0.2698,0.066,0.3601,4.0878,0.7703,0.6069,600.2,23.6,33.9,0.9291,0.5259,High
CELL-00140,Odisha,20.502071,84.501078,0.1098,0.1346,0.1368,0.1964,0.13,0.2408,0.1789,0.5398,0.662,-0.2988,759.2,6.3,35.3,0.8491,0.5972,High
CELL-00141,Odisha,22.512101,83.509185,0.0225,0.1469,0.1297,0.3449,0.3482,0.2908,0.4533,1.1972,1.0097,0.0898,1157.0,18.8,24.4,0.5747,0.5563,Medium
CELL-00142,Odisha,21.717822,83.831038,0.1398,0.1175,0.1267,0.2242,0.0966,0.0595,0.2779,1.6235,0.431,0.2377,565.7,3.0,30.3,0.7309,0.7567,High
CELL-00143,Odisha,22.58899,85.65828,0.0456,0.1406,0.0716,0.3809,0.3991,0.059,0.6837,6.7638,1.0478,0.7424,1087.1,21.8,48.7,1.0,0.5495,High
CELL-00144,Odisha,20.187182,84.005837,0.0287,0.1763,0.1671,0.3984,0.3801,0.0755,0.4091,5.033,0.9542,0.6685,524.2,2.5,10.5,1.0,0.4347,High
CELL-00145,Odisha,20.805687,83.302934,0.0418,0.0521,0.1952,0.3658,0.3897,0.1819,0.3041,2.142,1.0654,0.3635,406.2,27.9,16.3,0.7702,0.5163,High
CELL-00146,Odisha,20.389037,83.769389,0.0662,0.1311,0.0313,0.1737,0.3389,0.0941,0.6949,3.6023,1.9512,0.5654,476.9,30.3,7.7,1.0,0.5157,High
CELL-00147,Odisha,20.907259,84.690225,0.1245,0.0506,0.1245,0.2769,0.1261,0.2372,0.3796,0.5316,0.4554,-0.3058,401.0,17.1,4.1,0.6399,0.6672,Medium
CELL-00148,Odisha,22.467144,83.170936,0.0744,0.0988,0.1505,0.301,0.2935,0.2831,0.3333,1.0367,0.9751,0.018,1048.4,11.0,26.9,0.5718,0.638,Medium
CELL-00149,Odisha,20.5855,84.468178,0.1164,0.1039,0.107,0.3934,0.1956,0.3079,0.5724,0.6354,0.4974,-0.223,547.5,11.5,22.7,0.608,0.6972,Medium
CELL-00150,Odisha,20.589258,85.854334,0.0428,0.1152,0.1243,0.2714,0.2863,0.1189,0.3718,2.4071,1.0551,0.413,707.9,13.0,33.1,0.7994,0.4455,High
CELL-00151,Odisha,20.555811,83.835929,0.0484,0.0574,0.1686,0.2,0.3767,0.341,0.0851,1.1047,1.8834,0.0497,728.4,5.0,18.7,0.9374,0.7464,High
CELL-00152,Odisha,20.261052,84.670355,0.1299,0.1494,0.0515,0.3355,0.1506,0.1155,0.7337,1.304,0.4488,0.1319,1061.5,8.7,13.2,0.6581,0.7353,Medium
CELL-00153,Odisha,22.250797,83.456146,0.0796,0.0827,0.0369,0.2701,0.3746,0.062,0.7598,6.0408,1.3868,0.7159,420.6,7.3,11.9,1.0,0.6961,High
CELL-00154,Odisha,21.398898,85.281727,0.0401,0.1031,0.0974,0.3089,0.3999,0.2808,0.5206,1.4238,1.2944,0.1749,537.7,29.0,8.5,0.9467,0.4687,High
CELL-00155,Odisha,21.845387,85.731817,0.0863,0.1052,0.029,0.1122,0.2564,0.1815,0.5888,1.4129,2.2846,0.1711,1023.1,5.6,1.2,0.9297,0.578,High
CELL-00156,Odisha,20.148843,85.173795,0.0345,0.1212,0.0706,0.1607,0.2015,0.2904,0.3897,0.6939,1.2538,-0.1807,531.3,26.3,6.3,0.6465,0.6493,Medium
CELL-00157,Odisha,22.032179,84.697345,0.1408,0.0881,0.0319,0.1067,0.3446,0.2074,0.5396,1.6613,3.2294,0.2485,952.8,8.2,17.3,1.0,0.7344,High
CELL-00158,Odisha,20.796489,84.834391,0.1082,0.0776,0.1727,0.4315,0.3632,0.2717,0.4284,1.3365,0.8416,0.144,405.2,9.9,48.2,0.8261,0.8304,High
CELL-00159,Odisha,22.970327,83.935638,0.0642,0.0418,0.0997,0.1914,0.1899,0.3004,0.3149,0.6322,0.9922,-0.2254,1129.0,6.5,18.6,0.5517,0.5936,Medium
CELL-00160,Odisha,22.904229,84.340144,0.0852,0.067,0.1048,0.3317,0.3204,0.2762,0.5199,1.1601,0.966,0.0741,735.7,31.7,40.9,0.4953,0.7627,Medium
CELL-00161,Odisha,21.207219,85.653761,0.1364,0.1664,0.0765,0.3419,0.1669,0.1072,0.6343,1.5574,0.4883,0.2179,303.1,12.0,21.5,0.6801,0.7927,Medium
CELL-00162,Odisha,20.863836,84.478459,0.059,0.1194,0.0981,0.1575,0.1173,0.214,0.2326,0.5481,0.7446,-0.2919,1092.7,12.0,36.7,0.8198,0.7245,High
CELL-00163,Odisha,22.462943,84.699816,0.1054,0.1648,0.0919,0.2144,0.0835,0.298,0.3998,0.2801,0.3893,-0.5624,981.1,3.7,28.8,0.5604,0.6428,Medium
CELL-00164,Odisha,22.941705,83.644088,0.0287,0.1192,0.153,0.1114,0.2908,0.2097,-0.1575,1.3868,2.6114,0.162,213.6,6.0,28.4,1.0,0.533,High
CELL-00165,Odisha,22.456221,85.950702,0.0538,0.1755,0.0976,0.2216,0.0961,0.0658,0.3884,1.46,0.4337,0.187,861.2,16.0,11.3,0.448,0.6047,Low
CELL-00166,Odisha,21.732895,84.077626,0.1271,0.1531,0.1059,0.2228,0.196,0.2917,0.3555,0.672,0.8799,-0.1962,461.0,7.3,4.2,0.804,0.4444,High
CELL-00167,Odisha,22.522726,83.663716,0.0695,0.1513,0.1683,0.2346,0.2269,0.141,0.1647,1.6095,0.9672,0.2336,1125.8,4.2,46.7,0.7653,0.7976,High
CELL-00168,Odisha,20.097977,84.426789,0.073,0.0542,0.1382,0.4399,0.2599,0.2644,0.522,0.9829,0.5908,-0.0086,175.3,14.6,5.8,0.6489,0.6051,Medium
CELL-00169,Odisha,21.985333,83.230409,0.0661,0.1126,0.0926,0.3918,0.3407,0.2335,0.6177,1.4588,0.8696,0.1866,510.8,8.9,5.3,0.6511,0.4174,Medium
CELL-00170,Odisha,22.027469,84.974479,0.0291,0.0893,0.0527,0.1549,0.3447,0.0626,0.4921,5.5092,2.2258,0.6927,561.1,5.9,44.0,1.0,0.7257,High
CELL-00171,Odisha,21.507282,85.194459,0.1446,0.0631,0.1795,0.427,0.3733,0.2406,0.4081,1.5512,0.8741,0.2161,792.8,14.1,37.6,1.0,0.7309,High
CELL-00172,Odisha,21.285374,85.194489,0.1272,0.052,0.1699,0.2891,0.3503,0.1794,0.2596,1.9527,1.2117,0.3227,516.9,32.0,12.6,1.0,0.8129,High
CELL-00173,Odisha,21.542286,83.925405,0.0945,0.0788,0.0271,0.1952,0.082,0.3435,0.7564,0.2388,0.4203,-0.6144,1162.3,13.8,36.4,0.7682,0.5957,High
CELL-00174,Odisha,22.41629,85.840269,0.072,0.1475,0.0679,0.4466,0.0882,0.2311,0.7362,0.3819,0.1976,-0.4473,825.5,24.1,6.0,0.3226,0.6137,Low
CELL-00175,Odisha,20.921649,84.639376,0.0742,0.054,0.0508,0.2464,0.3223,0.3194,0.6583,1.0092,1.3084,0.0046,192.5,13.8,5.0,0.8405,0.7452,High
CELL-00176,Odisha,20.701438,83.071123,0.1285,0.1762,0.0444,0.181,0.3579,0.3279,0.6062,1.0913,1.9771,0.0437,561.6,1.8,2.0,0.6998,0.6863,Medium
CELL-00177,Odisha,20.085957,84.749757,0.0215,0.1481,0.0752,0.1141,0.2683,0.1693,0.2057,1.5845,2.3514,0.2262,1171.2,19.0,13.8,0.9728,0.6781,High
CELL-00178,Odisha,22.71273,84.124166,0.0915,0.0376,0.0967,0.3913,0.3378,0.1173,0.6037,2.88,0.8632,0.4845,348.7,28.6,46.5,0.7861,0.5199,High
CELL-00179,Odisha,21.012363,85.612065,0.0309,0.0617,0.1554,0.118,0.2376,0.1826,-0.1371,1.301,2.0145,0.1308,467.8,13.8,26.5,1.0,0.4993,High
CELL-00180,Odisha,22.416297,85.280483,0.04,0.0524,0.0683,0.2264,0.2107,0.2539,0.5366,0.8298,0.9308,-0.093,162.3,1.2,19.6,0.6155,0.6803,Medium
CELL-00181,Odisha,21.924513,83.779484,0.1352,0.1644,0.0735,0.1805,0.2116,0.1222,0.4212,1.7323,1.1724,0.268,839.6,28.9,33.7,0.8534,0.7928,High
CELL-00182,Odisha,20.468951,85.213853,0.0669,0.1307,0.0687,0.1284,0.3976,0.0969,0.3029,4.1051,3.096,0.6082,1187.3,34.2,39.7,1.0,0.7949,High
CELL-00183,Odisha,22.598305,83.868319,0.0808,0.1229,0.094,0.2496,0.1857,0.2193,0.4528,0.8469,0.7439,-0.0829,1035.6,7.1,46.7,0.6352,0.6642,Medium
CELL-00184,Odisha,21.668572,85.33855,0.0221,0.1528,0.0272,0.4115,0.3974,0.1382,0.8759,2.8753,0.9659,0.4839,331.4,26.8,12.7,1.0,0.7168,High
CELL-00185,Odisha,20.972988,85.029451,0.0973,0.1205,0.1429,0.3014,0.2173,0.1328,0.3568,1.6366,0.721,0.2414,945.4,7.9,34.6,0.8881,0.5563,High
CELL-00186,Odisha,22.241235,83.656142,0.0278,0.0496,0.1291,0.3973,0.0944,0.2702,0.5096,0.3493,0.2376,-0.4822,475.5,16.7,46.4,0.4509,0.4289,Medium
CELL-00187,Odisha,20.041047,83.244796,0.0536,0.0342,0.1336,0.2492,0.2554,0.1024,0.3019,2.4943,1.0247,0.4276,425.5,23.2,48.3,0.7939,0.7064,High
CELL-00188,Odisha,21.500836,83.208182,0.0317,0.1201,0.0814,0.421,0.2101,0.093,0.6761,2.2596,0.499,0.3864,886.2,10.3,26.3,0.7641,0.636,High
CELL-00189,Odisha,22.376574,85.029083,0.1084,0.1719,0.0732,0.1004,0.167,0.1154,0.1563,1.4478,1.6638,0.1829,828.0,22.2,29.7,1.0,0.5219,High
CELL-00190,Odisha,21.669735,84.028193,0.0375,0.0442,0.1697,0.4214,0.2879,0.081,0.4259,3.5534,0.6832,0.5608,542.2,25.5,39.0,1.0,0.8603,High
CELL-00191,Odisha,20.763444,83.038692,0.0902,0.1577,0.1924,0.298,0.2446,0.0755,0.2154,3.2394,0.8209,0.5282,703.8,13.3,30.4,0.7547,0.495,High
CELL-00192,Odisha,20.284896,83.944755,0.0326,0.0565,0.1977,0.2554,0.2502,0.3121,0.1274,0.8017,0.9795,-0.1101,1195.1,20.4,40.6,0.5419,0.4921,Medium
CELL-00193,Odisha,21.208111,85.017522,0.1087,0.0773,0.044,0.3213,0.1211,0.2235,0.7592,0.5416,0.3767,-0.2974,862.8,24.5,37.7,0.6136,0.8192,Medium
CELL-00194,Odisha,22.190748,84.857518,0.0443,0.0339,0.0712,0.2551,0.2775,0.305,0.5635,0.9098,1.0879,-0.0472,315.9,4.4,48.2,0.7316,0.5851,High
CELL-00195,Odisha,21.756691,84.624123,0.0312,0.0386,0.039,0.305,0.2542,0.1201,0.7733,2.1161,0.8335,0.3582,801.6,28.7,2.1,1.0,0.7553,High
CELL-00196,Odisha,20.756936,83.923313,0.0998,0.1647,0.1658,0.3041,0.3137,0.1594,0.2943,1.9672,1.0315,0.326,805.1,16.3,9.5,1.0,0.8385,High
CELL-00197,Odisha,21.075865,85.734018,0.0227,0.0774,0.0302,0.3683,0.3047,0.1494,0.8482,2.0392,0.8273,0.3419,843.2,13.9,37.8,0.5035,0.4864,Medium
CELL-00198,Odisha,22.80419,83.752637,0.0357,0.1177,0.1945,0.2322,0.0999,0.1518,0.0885,0.6578,0.4299,-0.2064,656.5,5.7,32.9,0.4446,0.4058,Low
CELL-00199,Odisha,20.345439,85.649821,0.0739,0.0881,0.1387,0.2547,0.2874,0.0684,0.2947,4.2002,1.1285,0.6154,995.1,32.9,32.4,1.0,0.5014,High
CELL-00200,Odisha,21.74521,84.204385,0.064,0.049,0.0905,0.1569,0.315,0.1126,0.2684,2.7963,2.0072,0.4732,164.4,19.3,29.8,1.0,0.8451,High
CELL-00201,Odisha,21.036443,85.409036,0.0902,0.0419,0.1219,0.4178,0.2068,0.1389,0.5484,1.489,0.495,0.1965,257.8,5.3,21.6,0.657,0.6642,Medium
CELL-00202,Odisha,22.818706,85.265401,0.0963,0.1543,0.0344,0.2669,0.2816,0.2986,0.7715,0.9432,1.0552,-0.0292,961.8,9.7,47.0,0.5427,0.3181,Medium
CELL-00203,Odisha,21.741936,85.807812,0.1074,0.1022,0.1657,0.4327,0.0871,0.3448,0.4461,0.2525,0.2012,-0.5968,194.7,28.5,14.0,0.5088,0.4935,Medium
CELL-00204,Odisha,21.93187,84.142856,0.0271,0.1199,0.1824,0.2341,0.1492,0.1828,0.1241,0.8165,0.6374,-0.101,153.2,28.7,41.3,0.6085,0.8223,Medium
CELL-00205,Odisha,22.39935,84.664061,0.1274,0.1247,0.1612,0.3095,0.2125,0.3374,0.3151,0.6299,0.6867,-0.2271,695.2,21.2,11.0,0.8335,0.8564,High
CELL-00206,Odisha,20.554515,83.178761,0.0986,0.1446,0.1142,0.1794,0.2933,0.074,0.2219,3.9616,1.6351,0.5969,586.0,5.7,9.2,1.0,0.4308,High
CELL-00207,Odisha,20.153451,84.19338,0.0865,0.1025,0.0889,0.3937,0.1265,0.2017,0.6316,0.6272,0.3213,-0.2291,168.2,2.5,28.7,0.5628,0.6105,Medium
CELL-00208,Odisha,21.673621,85.879373,0.0263,0.0447,0.0279,0.1648,0.2532,0.2437,0.7102,1.0391,1.536,0.0192,150.1,33.1,42.1,0.5999,0.5696,Medium
CELL-00209,Odisha,20.509661,83.380833,0.036,0.1078,0.0643,0.2253,0.3966,0.2553,0.5563,1.5537,1.7601,0.2168,1143.9,5.0,19.1,0.8053,0.586,High
CELL-00210,Odisha,20.012562,85.011303,0.1034,0.0916,0.1081,0.2454,0.0877,0.1506,0.3883,0.5822,0.3573,-0.2641,294.8,3.4,47.8,0.5418,0.6306,Medium
CELL-00211,Odisha,20.946091,84.179441,0.0508,0.0445,0.0522,0.3791,0.2968,0.2141,0.7579,1.3865,0.7829,0.1619,622.6,32.3,3.6,0.767,0.5728,High
CELL-00212,Odisha,22.347277,85.977544,0.0513,0.1611,0.1695,0.1786,0.2078,0.1729,0.0262,1.2018,1.1632,0.0916,1176.0,6.3,40.0,0.7556,0.4568,High
CELL-00213,Odisha,21.260033,84.735079,0.1282,0.1506,0.176,0.1209,0.3015,0.092,-0.1856,3.2768,2.4941,0.5324,557.4,19.2,20.1,1.0,0.7502,High
CELL-00214,Odisha,20.405652,85.026368,0.0715,0.05,0.0486,0.4322,0.3615,0.3221,0.798,1.1222,0.8363,0.0576,1190.7,7.3,17.8,0.6353,0.8246,Medium
CELL-00215,Odisha,21.255169,84.073434,0.0972,0.1163,0.0491,0.2651,0.2571,0.2211,0.6877,1.1629,0.9698,0.0753,331.1,26.0,1.3,1.0,0.6638,High
CELL-00216,Odisha,21.691679,83.783487,0.1103,0.1151,0.1633,0.3573,0.2752,0.1965,0.3725,1.401,0.7704,0.167,246.5,9.1,21.0,0.8797,0.9399,High
CELL-00217,Odisha,20.864554,83.019393,0.0845,0.0728,0.1522,0.1084,0.2671,0.3324,-0.1683,0.8036,2.4649,-0.1089,291.9,16.5,4.6,1.0,0.7704,High
CELL-00218,Odisha,21.222097,84.564131,0.1366,0.0594,0.0241,0.4016,0.2647,0.3172,0.8869,0.8344,0.6591,-0.0903,756.6,28.4,21.5,0.7952,0.7766,High
CELL-00219,Odisha,21.716369,83.542355,0.0549,0.0598,0.0644,0.2072,0.2576,0.2264,0.5257,1.138,1.2432,0.0646,569.1,21.5,4.1,0.7357,0.6621,High
CELL-00220,Odisha,20.849853,84.200939,0.1255,0.0321,0.1369,0.3341,0.3356,0.3298,0.4187,1.0174,1.0044,0.0086,122.2,5.4,44.3,0.9559,0.5447,High
CELL-00221,Odisha,21.989082,85.0372,0.1411,0.1795,0.1496,0.2005,0.3615,0.0648,0.1454,5.5819,1.8028,0.6961,354.2,31.4,12.8,1.0,0.6544,High
CELL-00222,Odisha,22.577335,84.500175,0.1077,0.0659,0.1564,0.366,0.18,0.1732,0.4011,1.0394,0.4919,0.0193,330.7,34.2,32.3,0.5657,0.678,Medium
CELL-00223,Odisha,22.345673,85.297576,0.1099,0.1748,0.0908,0.1458,0.2949,0.2688,0.2321,1.0973,2.0236,0.0464,732.6,7.2,25.2,0.905,0.4477,High
CELL-00224,Odisha,21.935656,85.235644,0.0502,0.0908,0.0684,0.1695,0.3307,0.3228,0.4247,1.0245,1.9507,0.0121,507.3,26.3,44.8,0.8677,0.7088,High
CELL-00225,Odisha,22.868876,84.130029,0.0641,0.0394,0.1075,0.1382,0.1595,0.1451,0.1247,1.0996,1.1547,0.0474,989.7,30.6,15.1,0.6905,0.6296,Medium
CELL-00226,Odisha,22.070969,85.835072,0.1087,0.0797,0.1101,0.326,0.2434,0.086,0.4951,2.8305,0.7466,0.4779,443.3,28.1,43.1,0.8429,0.4564,High
CELL-00227,Odisha,22.255475,85.435839,0.1429,0.0769,0.1745,0.1461,0.3056,0.2726,-0.0887,1.1211,2.0919,0.0571,845.5,8.8,43.7,0.9418,0.8002,High
CELL-00228,Odisha,22.547294,84.150191,0.0419,0.1555,0.1188,0.1662,0.3105,0.2033,0.1664,1.5272,1.8682,0.2086,764.7,16.1,41.4,1.0,0.7183,High
CELL-00229,Odisha,20.316204,85.516562,0.1072,0.1346,0.0853,0.4077,0.3121,0.0838,0.6539,3.7256,0.7655,0.5768,548.6,31.0,2.4,0.9284,0.5847,High
CELL-00230,Odisha,21.894128,83.811678,0.0523,0.1713,0.0737,0.3714,0.2058,0.0918,0.6689,2.2424,0.5541,0.3832,111.8,19.0,48.8,0.6555,0.5494,Medium
CELL-00231,Odisha,21.032275,84.561632,0.0773,0.162,0.111,0.2777,0.1243,0.3448,0.4289,0.3604,0.4475,-0.4701,375.0,2.6,33.2,0.6364,0.9038,Medium
CELL-00232,Odisha,21.266577,85.355192,0.0454,0.153,0.1368,0.2466,0.2266,0.127,0.2865,1.7841,0.9186,0.2816,927.3,18.0,16.0,0.9795,0.6548,High
CELL-00233,Odisha,21.035051,83.164198,0.0466,0.0928,0.0595,0.1001,0.3728,0.3032,0.254,1.2297,3.725,0.103,916.5,5.9,6.0,1.0,0.559,High
CELL-00234,Odisha,22.786424,84.291607,0.0355,0.1069,0.0828,0.2312,0.2788,0.2656,0.4726,1.0497,1.2061,0.0243,221.7,1.2,49.7,0.7524,0.5597,High
CELL-00235,Odisha,21.023733,84.33255,0.1078,0.1063,0.1751,0.4031,0.0832,0.2834,0.3944,0.2935,0.2063,-0.5462,606.8,34.6,24.2,0.7151,0.5617,High
CELL-00236,Odisha,22.976407,85.572592,0.0327,0.136,0.0822,0.1024,0.2091,0.1204,0.1096,1.7364,2.0413,0.2691,1000.8,11.8,41.4,0.796,0.4503,High
CELL-00237,Odisha,20.20456,83.561373,0.0922,0.0737,0.0951,0.2319,0.3603,0.3216,0.4182,1.1203,1.5536,0.0568,642.3,11.6,5.3,0.7016,0.4542,High
CELL-00238,Odisha,20.961204,83.492861,0.1218,0.0484,0.1343,0.1433,0.1026,0.3228,0.0326,0.3177,0.7156,-0.5178,309.1,28.7,27.2,0.7362,0.5874,High
CELL-00239,Odisha,20.50643,85.561829,0.0217,0.1068,0.1585,0.4272,0.3709,0.2959,0.4587,1.2537,0.8684,0.1126,1077.0,7.0,14.2,0.6128,0.4356,Medium
CELL-00240,Odisha,21.179962,84.633666,0.0408,0.1337,0.0502,0.2086,0.2411,0.2889,0.6123,0.8343,1.1556,-0.0903,913.4,22.6,7.8,0.8754,0.7577,High
CELL-00241,Odisha,21.13209,84.24055,0.0252,0.0711,0.192,0.4338,0.1927,0.0629,0.3863,3.0628,0.4443,0.5077,297.0,13.7,47.4,1.0,0.6775,High
CELL-00242,Odisha,20.326048,85.943773,0.0696,0.1463,0.0817,0.3197,0.1414,0.0938,0.593,1.5078,0.4425,0.2025,1131.9,32.1,44.4,0.481,0.569,Medium
CELL-00243,Odisha,20.207111,84.004367,0.0608,0.1253,0.0841,0.152,0.2709,0.2943,0.2877,0.9203,1.7823,-0.0415,520.3,4.6,9.8,0.8168,0.4898,High
CELL-00244,Odisha,21.928385,84.802836,0.1105,0.0844,0.1683,0.1714,0.2301,0.2903,0.0092,0.7927,1.3422,-0.1157,298.2,3.8,44.2,1.0,0.6106,High
CELL-00245,Odisha,20.076046,85.070141,0.0611,0.0384,0.1298,0.1843,0.2038,0.0742,0.1736,2.7473,1.1058,0.4663,261.9,10.4,4.5,0.8931,0.5654,High
CELL-00246,Odisha,20.923037,85.778179,0.041,0.1749,0.057,0.3595,0.2549,0.3153,0.7261,0.8084,0.709,-0.1059,709.4,18.7,9.8,0.4852,0.442,Medium
CELL-00247,Odisha,22.279471,84.01647,0.1438,0.1407,0.1275,0.4083,0.0959,0.1271,0.524,0.7542,0.2348,-0.1401,611.5,7.9,37.2,0.5511,0.7411,Medium
CELL-00248,Odisha,21.026398,85.884652,0.0778,0.1034,0.0833,0.4183,0.2621,0.2787,0.6679,0.9405,0.6264,-0.0307,993.0,12.0,21.7,0.4943,0.6807,Medium
CELL-00249,Odisha,22.381805,85.822977,0.101,0.1412,0.1649,0.3958,0.2064,0.0654,0.4117,3.1572,0.5216,0.5189,542.1,23.6,22.5,0.728,0.6907,High
CELL-00250,Odisha,21.904232,83.559259,0.1174,0.1119,0.0567,0.2022,0.3196,0.1948,0.5617,1.6406,1.5806,0.2426,337.6,33.9,35.8,0.8637,0.7012,High
CELL-00251,Odisha,21.425301,85.693866,0.0883,0.1361,0.0654,0.2564,0.1195,0.1118,0.5935,1.069,0.4662,0.0333,101.0,1.4,48.9,0.5787,0.5018,Medium
CELL-00252,Odisha,22.517299,84.651981,0.0399,0.1392,0.128,0.3559,0.3263,0.3426,0.4709,0.9524,0.9168,-0.0244,730.9,12.0,32.4,0.6622,0.5685,Medium
CELL-00253,Odisha,22.447236,84.791937,0.0712,0.101,0.1738,0.219,0.3583,0.0764,0.115,4.6872,1.636,0.6483,954.5,29.7,9.1,1.0,0.6262,High
CELL-00254,Odisha,22.119812,84.606043,0.1026,0.0595,0.0581,0.1145,0.1831,0.2179,0.3268,0.84,1.5985,-0.0869,1043.7,23.3,21.8,0.9658,0.7826,High
CELL-00255,Odisha,20.776713,83.15848,0.1144,0.0482,0.0745,0.2864,0.2606,0.2302,0.5871,1.1322,0.9101,0.062,282.9,13.3,30.9,0.58,0.5838,Medium
CELL-00256,Odisha,21.775151,83.57607,0.1067,0.1235,0.1284,0.2714,0.2492,0.1503,0.3576,1.6575,0.918,0.2474,671.2,6.9,40.3,0.965,0.5779,High
CELL-00257,Odisha,21.31315,83.830262,0.0926,0.0821,0.1879,0.4229,0.2408,0.1484,0.3847,1.6227,0.5693,0.2374,910.8,1.3,23.7,0.9049,0.6725,High
CELL-00258,Odisha,20.036009,84.658445,0.1163,0.1028,0.0354,0.4404,0.2458,0.2343,0.8513,1.0491,0.5581,0.024,360.3,16.9,21.5,0.4467,0.6425,Low
CELL-00259,Odisha,20.584875,84.514734,0.1199,0.0393,0.1238,0.1417,0.0917,0.0658,0.0674,1.3926,0.6468,0.1641,1017.6,4.1,2.3,0.9859,0.6415,High
CELL-00260,Odisha,20.787225,84.265138,0.0252,0.0974,0.124,0.2998,0.1864,0.1447,0.4149,1.2884,0.6216,0.126,217.3,12.8,5.0,0.9668,0.7676,High
CELL-00261,Odisha,20.855617,84.892311,0.0792,0.1023,0.1564,0.1987,0.1818,0.3274,0.1191,0.5552,0.9149,-0.286,161.8,17.0,45.6,0.8379,0.9073,High
CELL-00262,Odisha,20.749233,84.029826,0.1308,0.1139,0.1127,0.1349,0.0851,0.3391,0.0897,0.251,0.6313,-0.5987,514.7,21.1,4.0,0.8509,0.6866,High
CELL-00263,Odisha,21.726996,83.378346,0.0956,0.145,0.0932,0.4079,0.2876,0.3198,0.6282,0.8993,0.7049,-0.053,785.9,4.6,15.5,0.7166,0.7411,High
CELL-00264,Odisha,20.902899,83.552134,0.1183,0.1011,0.0606,0.3158,0.0929,0.1479,0.6778,0.6284,0.2942,-0.2282,615.4,5.2,49.2,0.438,0.6014,Low
CELL-00265,Odisha,20.610605,85.307183,0.0753,0.1148,0.0238,0.1121,0.2227,0.295,0.6498,0.7548,1.9872,-0.1397,1073.8,3.0,26.9,0.8446,0.6959,High
CELL-00266,Odisha,22.488697,83.401087,0.1416,0.1427,0.1894,0.3368,0.1963,0.3315,0.28,0.5922,0.5828,-0.2561,403.1,11.6,35.0,0.5785,0.5193,Medium
CELL-00267,Odisha,22.215638,83.191384,0.0703,0.0724,0.0748,0.444,0.2857,0.2653,0.7116,1.0768,0.6434,0.037,1174.3,13.2,40.1,0.5575,0.5576,Medium
CELL-00268,Odisha,20.541973,85.843059,0.0484,0.0789,0.1561,0.2378,0.2746,0.1834,0.2074,1.4977,1.1548,0.1992,916.6,8.0,2.9,0.7775,0.3635,High
CELL-00269,Odisha,20.50406,84.064392,0.072,0.0386,0.125,0.4095,0.1286,0.2293,0.5323,0.5605,0.3139,-0.2816,831.2,14.7,35.1,0.5442,0.3749,Medium
CELL-00270,Odisha,20.022059,85.07516,0.106,0.0358,0.0863,0.4427,0.2146,0.2006,0.6737,1.0701,0.4849,0.0338,1100.9,25.1,29.1,0.4688,0.5933,Medium
CELL-00271,Odisha,21.370664,84.425325,0.0702,0.175,0.1455,0.1291,0.3561,0.1942,-0.0596,1.8342,2.7581,0.2943,175.6,19.2,20.9,1.0,0.8095,High
CELL-00272,Odisha,22.479394,84.673066,0.0271,0.1758,0.1123,0.2018,0.2302,0.3074,0.2851,0.749,1.1407,-0.1435,435.4,6.7,6.5,0.9331,0.5796,High
CELL-00273,Karnataka,14.414879,74.682445,0.0416,0.0799,0.1892,0.2201,0.3962,0.1956,0.0754,2.0259,1.8004,0.339,297.1,31.2,23.0,1.0,0.7749,High
CELL-00274,Karnataka,13.552904,74.118086,0.0228,0.1462,0.0442,0.2637,0.2739,0.1785,0.7129,1.5343,1.0386,0.2108,129.8,27.4,0.5,0.7079,0.5751,High
CELL-00275,Karnataka,14.29852,75.606627,0.082,0.0884,0.1797,0.4129,0.1875,0.2345,0.3934,0.7993,0.454,-0.1115,1119.6,33.7,25.4,0.6577,0.7287,Medium
CELL-00276,Karnataka,15.876616,74.428443,0.0954,0.0724,0.0702,0.2417,0.3996,0.0665,0.5498,6.0101,1.6531,0.7147,736.4,2.9,7.7,1.0,0.3,High
CELL-00277,Karnataka,13.776377,74.949371,0.0313,0.0755,0.194,0.4306,0.1872,0.2213,0.3789,0.8459,0.4346,-0.0835,1100.6,0.2,40.5,0.6023,0.6661,Medium
CELL-00278,Karnataka,13.772896,75.349831,0.1101,0.14,0.1992,0.2006,0.2522,0.21,0.0036,1.2011,1.2572,0.0914,546.2,5.9,48.9,0.8936,0.8065,High
CELL-00279,Karnataka,14.809736,74.681783,0.0907,0.1342,0.1127,0.4466,0.2756,0.1613,0.5969,1.7089,0.6172,0.2617,949.4,6.0,19.2,0.741,0.4777,High
CELL-00280,Karnataka,15.345339,75.452519,0.1232,0.1165,0.0816,0.3835,0.1563,0.1173,0.6492,1.3319,0.4074,0.1423,655.0,9.1,0.5,0.7757,0.8926,High
CELL-00281,Karnataka,14.336553,76.900906,0.0943,0.1595,0.0451,0.2992,0.3578,0.2249,0.738,1.5905,1.1956,0.2279,889.8,13.0,4.6,0.6057,0.4982,Medium
CELL-00282,Karnataka,15.601181,74.731986,0.1457,0.1737,0.0646,0.2218,0.3666,0.34,0.5491,1.0782,1.6526,0.0376,587.8,11.2,26.3,0.6913,0.6916,Medium
CELL-00283,Karnataka,15.20942,74.154972,0.0264,0.0879,0.0836,0.2105,0.2371,0.1462,0.4313,1.6217,1.1266,0.2371,311.5,10.8,48.7,0.5608,0.3595,Medium
CELL-00284,Karnataka,14.729635,76.950022,0.0514,0.1322,0.1489,0.3126,0.1083,0.2531,0.3547,0.4281,0.3466,-0.4004,170.5,20.9,37.0,0.5019,0.5368,Medium
CELL-00285,Karnataka,13.091061,76.531439,0.0798,0.0626,0.0441,0.4337,0.1033,0.1097,0.8155,0.941,0.2381,-0.0304,482.6,21.7,27.2,0.2941,0.47,Low
CELL-00286,Karnataka,13.716255,74.640629,0.0734,0.1356,0.0591,0.2283,0.2051,0.3429,0.5886,0.5981,0.8982,-0.2515,1150.1,28.0,12.1,0.6561,0.5791,Medium
CELL-00287,Karnataka,13.800384,75.517777,0.1211,0.1587,0.1721,0.2259,0.2999,0.1439,0.1352,2.0849,1.3277,0.3517,167.0,24.6,0.5,1.0,0.6034,High
CELL-00288,Karnataka,15.080133,76.298736,0.0595,0.1517,0.0729,0.2562,0.3126,0.2579,0.557,1.2124,1.2203,0.096,1186.1,7.9,33.1,0.8491,0.6719,High
CELL-00289,Karnataka,13.469086,76.255394,0.0939,0.0712,0.1054,0.2168,0.2654,0.3167,0.3458,0.838,1.224,-0.0882,726.2,22.1,25.9,0.5538,0.6,Medium
CELL-00290,Karnataka,13.545291,75.512399,0.062,0.0687,0.1035,0.1466,0.3769,0.3103,0.1724,1.2145,2.5699,0.0969,878.4,3.7,38.8,1.0,0.7248,High
CELL-00291,Karnataka,13.341898,75.931724,0.1285,0.1166,0.1364,0.2604,0.2492,0.0603,0.3127,4.1315,0.9568,0.6103,802.9,2.9,21.8,1.0,0.4338,High
CELL-00292,Karnataka,13.400249,76.07493,0.1234,0.0545,0.0388,0.1509,0.3607,0.2085,0.5912,1.7302,2.3897,0.2675,614.0,3.7,32.5,1.0,0.6315,High
CELL-00293,Karnataka,14.878164,74.225836,0.0346,0.0374,0.0663,0.1475,0.1632,0.1655,0.3794,0.9861,1.1067,-0.007,1137.3,21.4,41.7,0.5762,0.6345,Medium
CELL-00294,Karnataka,15.207761,74.825297,0.1031,0.0811,0.1996,0.1922,0.1693,0.3292,-0.0187,0.5143,0.8808,-0.3207,127.1,24.4,36.3,0.7794,0.7605,High
CELL-00295,Karnataka,14.942026,74.38505,0.1045,0.1774,0.1841,0.2537,0.0928,0.1587,0.1589,0.5847,0.3657,-0.2621,1009.0,24.6,23.0,0.5849,0.5566,Medium
CELL-00296,Karnataka,14.407075,76.785667,0.1033,0.0767,0.1146,0.1231,0.3912,0.158,0.036,2.4758,3.1776,0.4246,625.7,12.4,34.1,1.0,0.7012,High
CELL-00297,Karnataka,13.80443,74.947005,0.0363,0.1283,0.0272,0.3092,0.3583,0.3172,0.8385,1.1294,1.1588,0.0608,593.9,16.1,3.8,0.9011,0.7196,High
CELL-00298,Karnataka,13.733965,75.263903,0.129,0.1616,0.0638,0.2927,0.1416,0.0806,0.6422,1.7576,0.4838,0.2747,1102.2,28.7,38.0,0.557,0.6036,Medium
CELL-00299,Karnataka,14.639429,74.27406,0.1184,0.1174,0.0536,0.1659,0.139,0.0671,0.5117,2.0709,0.8377,0.3487,746.6,29.4,0.9,0.8547,0.5556,High
CELL-00300,Karnataka,15.458487,74.980217,0.0654,0.1195,0.0694,0.1093,0.3153,0.2377,0.2236,1.3264,2.8841,0.1403,738.8,26.0,33.8,1.0,0.5208,High
CELL-00301,Karnataka,13.37833,74.389571,0.1079,0.1588,0.1933,0.3199,0.1389,0.0817,0.2467,1.7004,0.4342,0.2594,994.1,20.3,30.9,0.6491,0.6612,Medium
CELL-00302,Karnataka,15.503375,74.168642,0.1172,0.1576,0.0715,0.3242,0.1805,0.3374,0.6386,0.5351,0.5569,-0.3029,136.8,20.3,8.3,0.4262,0.6053,Low
CELL-00303,Karnataka,13.70615,75.483112,0.1389,0.0618,0.046,0.3656,0.2402,0.3235,0.7767,0.7424,0.6569,-0.1478,261.3,22.6,11.6,0.7333,0.5926,High
CELL-00304,Karnataka,14.781054,76.264482,0.0602,0.0972,0.093,0.4444,0.1735,0.1384,0.654,1.2533,0.3904,0.1124,490.0,19.8,12.6,0.6854,0.7158,Medium
CELL-00305,Karnataka,15.687447,74.310425,0.1054,0.166,0.0504,0.4389,0.2249,0.3337,0.7941,0.674,0.5125,-0.1947,844.5,10.6,9.4,0.4206,0.5202,Low
CELL-00306,Karnataka,13.431604,74.313981,0.075,0.1493,0.0454,0.1456,0.2859,0.1092,0.5242,2.6192,1.9634,0.4474,207.4,5.8,46.2,0.9081,0.668,High
CELL-00307,Karnataka,14.967462,75.611827,0.108,0.1324,0.1332,0.1931,0.0925,0.1867,0.1838,0.4954,0.4788,-0.3374,1080.1,19.9,41.6,0.8321,0.8479,High
CELL-00308,Karnataka,15.939866,76.956802,0.1093,0.0665,0.1637,0.1375,0.3298,0.3231,-0.0873,1.0209,2.3994,0.0104,521.1,22.1,21.5,0.7049,0.4402,High
CELL-00309,Karnataka,15.286389,76.80853,0.1423,0.0562,0.1775,0.3581,0.1609,0.0702,0.3373,2.2926,0.4493,0.3926,394.8,31.9,31.7,0.5785,0.6583,Medium
CELL-00310,Karnataka,15.158164,74.084365,0.0688,0.124,0.0463,0.3881,0.1552,0.2457,0.7868,0.6317,0.4,-0.2257,545.7,20.9,5.4,0.5361,0.5088,Medium
CELL-00311,Karnataka,15.998051,74.634294,0.0545,0.1294,0.1938,0.4205,0.2409,0.2885,0.3691,0.835,0.5729,-0.0899,249.3,34.2,48.2,0.3396,0.4555,Low
CELL-00312,Karnataka,13.300465,74.815153,0.1261,0.0867,0.0359,0.2198,0.394,0.2389,0.7191,1.6494,1.7929,0.2451,557.8,5.8,49.3,0.7555,0.676,High
CELL-00313,Karnataka,13.210206,74.169877,0.0356,0.1171,0.1872,0.2739,0.3497,0.1838,0.188,1.9032,1.2771,0.3111,879.4,25.6,8.7,0.8974,0.3842,High
CELL-00314,Karnataka,13.21209,75.084621,0.0895,0.1794,0.1054,0.3856,0.2183,0.2889,0.5706,0.7554,0.566,-0.1393,755.0,31.0,20.5,0.6606,0.7282,Medium
CELL-00315,Karnataka,14.252149,74.432936,0.0322,0.0325,0.1772,0.1828,0.1477,0.2708,0.0154,0.5453,0.808,-0.2942,452.0,17.7,8.1,0.7632,0.7393,High
CELL-00316,Karnataka,15.287084,74.431628,0.0211,0.033,0.1256,0.2594,0.2458,0.0522,0.3476,4.7046,0.9475,0.6494,565.0,25.1,22.1,1.0,0.6781,High
CELL-00317,Karnataka,15.439426,75.765294,0.0474,0.0655,0.133,0.3905,0.213,0.1275,0.4917,1.6707,0.5455,0.2511,1053.7,23.4,22.4,0.6296,0.6477,Medium
CELL-00318,Karnataka,14.880408,75.076228,0.1494,0.102,0.1075,0.298,0.3734,0.2902,0.47,1.2864,1.2527,0.1252,596.2,25.2,29.3,0.7998,0.7111,High
CELL-00319,Karnataka,14.391809,74.737456,0.1389,0.0803,0.1914,0.2866,0.2821,0.2129,0.1991,1.3251,0.9844,0.1398,242.3,13.2,5.0,0.8715,0.8952,High
CELL-00320,Karnataka,15.333955,74.661411,0.0414,0.0909,0.1868,0.3486,0.2141,0.2052,0.3023,1.0432,0.614,0.0212,192.6,34.5,33.3,0.6423,0.4595,Medium
CELL-00321,Karnataka,13.328447,76.89751,0.0427,0.1272,0.0642,0.3511,0.3286,0.252,0.6909,1.3038,0.9357,0.1319,775.9,31.2,3.9,0.4774,0.4476,Medium
CELL-00322,Karnataka,15.964042,75.168169,0.1152,0.1327,0.0582,0.1836,0.17,0.1733,0.5189,0.9808,0.9257,-0.0097,357.8,0.7,44.0,0.542,0.5991,Medium
CELL-00323,Karnataka,14.015521,74.021275,0.1084,0.1538,0.0464,0.1559,0.3328,0.2349,0.5413,1.417,2.1351,0.1725,149.3,21.8,15.4,0.9997,0.504,High
CELL-00324,Karnataka,15.432806,75.20107,0.1431,0.091,0.1589,0.2694,0.3672,0.3223,0.2578,1.1392,1.3633,0.0651,196.2,32.8,41.3,0.7435,0.7123,High
CELL-00325,Karnataka,15.415358,76.550398,0.0576,0.1728,0.029,0.1525,0.252,0.2227,0.6806,1.1315,1.653,0.0617,809.7,0.6,48.0,0.7107,0.5637,High
CELL-00326,Karnataka,15.796801,75.997841,0.1269,0.032,0.1176,0.2608,0.2397,0.0717,0.3786,3.3444,0.9188,0.5396,852.9,17.6,38.3,0.81,0.5867,High
CELL-00327,Karnataka,14.944771,74.517159,0.1334,0.122,0.0483,0.4368,0.2459,0.0719,0.8009,3.4212,0.5629,0.5476,789.5,8.9,40.2,0.6158,0.651,Medium
CELL-00328,Karnataka,15.260427,74.397412,0.0911,0.1119,0.0361,0.2463,0.3531,0.3068,0.7443,1.1506,1.4335,0.07,209.2,3.2,13.1,0.729,0.6286,High
CELL-00329,Karnataka,14.869414,75.068202,0.1226,0.0651,0.1351,0.1825,0.3084,0.3121,0.1494,0.988,1.6898,-0.006,239.5,30.3,29.7,0.9748,0.6118,High
CELL-00330,Karnataka,13.482581,76.101044,0.1187,0.0459,0.1111,0.3851,0.3796,0.2041,0.5522,1.8601,0.9856,0.3007,1145.3,18.7,19.7,0.8121,0.743,High
CELL-00331,Karnataka,14.415708,75.470937,0.1301,0.1548,0.0926,0.2167,0.2374,0.2218,0.401,1.0703,1.0958,0.0339,362.2,27.8,24.3,0.9275,0.7557,High
CELL-00332,Karnataka,13.716535,76.847844,0.0597,0.0553,0.1029,0.2075,0.0913,0.1469,0.3369,0.621,0.4398,-0.2338,698.5,19.3,17.8,0.5543,0.5604,Medium
CELL-00333,Karnataka,14.132045,74.77468,0.0517,0.0987,0.1567,0.1721,0.307,0.0563,0.0468,5.4481,1.7837,0.6898,560.8,27.2,16.9,1.0,0.708,High
CELL-00334,Karnataka,15.225986,74.156837,0.1308,0.0597,0.1774,0.2234,0.3113,0.1458,0.1148,2.1353,1.3934,0.3621,1096.5,4.4,8.9,0.8968,0.5696,High
CELL-00335,Karnataka,13.587941,76.831299,0.1469,0.0864,0.1862,0.2907,0.1663,0.2607,0.2191,0.6379,0.5722,-0.2211,824.8,34.6,13.3,0.5056,0.5725,Medium
CELL-00336,Karnataka,13.340938,74.011755,0.1499,0.1503,0.1616,0.2784,0.176,0.0954,0.2654,1.8455,0.6323,0.2971,413.1,13.2,37.8,0.4974,0.5246,Medium
CELL-00337,Karnataka,13.054087,74.306997,0.0734,0.17,0.1347,0.3806,0.2292,0.1585,0.4771,1.4463,0.6022,0.1824,219.2,30.7,39.2,0.4447,0.391,Low
CELL-00338,Karnataka,14.462124,75.875275,0.143,0.117,0.1172,0.1176,0.1001,0.1062,0.0016,0.9428,0.8514,-0.0294,135.7,26.0,36.2,0.8892,0.7293,High
CELL-00339,Karnataka,13.464358,74.903527,0.0524,0.0858,0.0658,0.2711,0.2104,0.346,0.6092,0.6081,0.7759,-0.2437,161.5,5.0,2.6,0.6546,0.6358,Medium
CELL-00340,Karnataka,15.509319,75.535816,0.0885,0.1142,0.0507,0.1692,0.182,0.228,0.5385,0.7982,1.0758,-0.1122,331.1,4.1,48.5,0.6227,0.7453,Medium
CELL-00341,Karnataka,13.40688,74.436886,0.1107,0.1264,0.1609,0.4281,0.3014,0.0968,0.4537,3.1152,0.704,0.514,367.8,29.5,10.5,0.8727,0.529,High
CELL-00342,Karnataka,14.207579,76.76012,0.1045,0.0436,0.1906,0.1905,0.1879,0.1707,-0.0003,1.1009,0.9864,0.048,156.3,17.4,6.2,0.6628,0.494,Medium
CELL-00343,Karnataka,15.31852,76.409512,0.0399,0.085,0.0872,0.153,0.3355,0.2622,0.2739,1.2797,2.1929,0.1227,309.4,12.8,5.3,0.9821,0.6468,High
CELL-00344,Karnataka,15.957803,76.342046,0.0707,0.1168,0.184,0.2939,0.1358,0.1636,0.2299,0.8303,0.4621,-0.0927,1027.5,22.5,32.5,0.5873,0.578,Medium
CELL-00345,Karnataka,15.270781,75.820149,0.0417,0.1496,0.1496,0.1301,0.2284,0.1022,-0.0696,2.2352,1.7551,0.3818,471.2,0.6,20.0,1.0,0.7643,High
CELL-00346,Karnataka,14.990471,76.508874,0.048,0.0481,0.1733,0.1548,0.3919,0.3028,-0.0563,1.2945,2.5316,0.1283,651.0,34.3,4.9,1.0,0.4917,High
CELL-00347,Karnataka,14.050021,76.785118,0.0285,0.1124,0.1264,0.3285,0.1618,0.1594,0.4444,1.0153,0.4926,0.0076,1028.0,6.8,41.3,0.6327,0.6323,Medium
CELL-00348,Karnataka,15.140822,74.622534,0.0939,0.1602,0.0978,0.4383,0.2247,0.0928,0.6352,2.4205,0.5127,0.4153,528.4,33.3,16.0,0.742,0.6134,High
CELL-00349,Karnataka,15.173674,74.934537,0.1218,0.0964,0.1073,0.3723,0.2024,0.1829,0.5524,1.1061,0.5436,0.0504,513.8,12.9,26.3,0.636,0.7822,Medium
CELL-00350,Karnataka,14.572764,76.012182,0.055,0.0716,0.188,0.3532,0.2647,0.2443,0.3053,1.0834,0.7494,0.04,132.2,21.6,25.5,0.6638,0.7907,Medium
CELL-00351,Karnataka,13.244422,74.580018,0.1436,0.0913,0.104,0.1184,0.092,0.2652,0.0649,0.347,0.7769,-0.4847,691.9,17.8,12.2,0.5955,0.6187,Medium
CELL-00352,Karnataka,13.569804,75.382137,0.0572,0.0671,0.1361,0.3278,0.3438,0.1753,0.4132,1.9613,1.0488,0.3246,180.4,9.6,49.0,0.9754,0.7327,High
CELL-00353,Karnataka,13.022073,75.554617,0.0249,0.1154,0.1857,0.4389,0.253,0.1875,0.4053,1.3495,0.5763,0.1488,1139.5,23.6,3.2,0.5211,0.5571,Medium
CELL-00354,Karnataka,14.409413,75.366397,0.0957,0.0835,0.0496,0.2763,0.3457,0.2492,0.6958,1.3871,1.251,0.1622,472.2,32.7,45.6,0.9934,0.8296,High
CELL-00355,Karnataka,15.903594,76.669509,0.0981,0.1095,0.025,0.1863,0.2271,0.2386,0.7633,0.9519,1.2187,-0.0246,713.0,26.0,14.0,0.4749,0.5392,Medium
CELL-00356,Karnataka,14.240997,76.250482,0.1101,0.1786,0.07,0.2744,0.1854,0.1822,0.5934,1.0179,0.6759,0.0089,1042.6,23.9,44.1,0.6616,0.6538,Medium
CELL-00357,Karnataka,13.179287,76.665798,0.0628,0.0772,0.1122,0.4292,0.0953,0.1557,0.5856,0.6121,0.222,-0.2406,1042.2,13.9,10.0,0.2616,0.4108,Low
CELL-00358,Karnataka,15.746249,76.285803,0.0857,0.1783,0.1037,0.1204,0.1639,0.1808,0.0742,0.9066,1.3617,-0.049,272.6,33.2,38.3,0.7272,0.4235,High
CELL-00359,Karnataka,15.164347,76.823837,0.1346,0.1073,0.1594,0.2968,0.2569,0.0844,0.301,3.0426,0.8656,0.5053,238.8,18.5,13.4,0.9278,0.5354,High
CELL-00360,Karnataka,14.617581,76.906444,0.0829,0.0395,0.1193,0.3944,0.399,0.1791,0.5355,2.2277,1.0117,0.3804,452.3,31.7,9.6,0.7136,0.7587,High
CELL-00361,Karnataka,13.123247,75.041865,0.0545,0.1329,0.1908,0.1938,0.3397,0.0666,0.0079,5.0995,1.7525,0.6721,691.9,2.5,46.7,1.0,0.7014,High
CELL-00362,Karnataka,15.471689,75.942559,0.146,0.1371,0.1864,0.281,0.1175,0.2085,0.2023,0.5635,0.418,-0.2792,239.6,20.7,24.1,0.6294,0.4994,Medium
CELL-00363,Karnataka,15.851511,75.150827,0.0752,0.1372,0.1287,0.2046,0.2115,0.1153,0.2278,1.8339,1.0334,0.2942,1162.6,4.6,18.6,0.7867,0.6517,High
CELL-00364,Karnataka,13.24019,75.42336,0.0213,0.0427,0.1654,0.37,0.3728,0.3064,0.3822,1.217,1.0076,0.0979,851.5,1.8,39.1,0.7264,0.656,High
CELL-00365,Karnataka,14.525437,74.698706,0.1299,0.1391,0.1965,0.1545,0.1522,0.1135,-0.1198,1.3406,0.9852,0.1455,971.8,6.5,3.3,0.9671,0.7855,High
CELL-00366,Karnataka,15.524846,75.663861,0.1372,0.1689,0.0216,0.1264,0.1601,0.2508,0.7077,0.6384,1.2668,-0.2207,1077.1,16.1,30.3,0.7621,0.5914,High
CELL-00367,Karnataka,15.901984,74.805797,0.0843,0.0429,0.1206,0.276,0.1262,0.1826,0.3916,0.6912,0.4574,-0.1826,467.5,18.3,29.3,0.4037,0.7058,Low
CELL-00368,Karnataka,13.158808,76.264798,0.1442,0.066,0.0782,0.1643,0.2646,0.0965,0.355,2.7435,1.6102,0.4657,491.8,24.4,28.0,0.854,0.3831,High
CELL-00369,Karnataka,14.686333,74.017594,0.0302,0.1622,0.034,0.3474,0.3744,0.1312,0.8216,2.8536,1.0778,0.481,507.5,19.9,44.1,0.786,0.5137,High
CELL-00370,Karnataka,14.230911,75.412103,0.0264,0.0587,0.1623,0.2589,0.1765,0.1652,0.2293,1.0686,0.6819,0.0331,1039.8,26.2,13.6,0.8883,0.7065,High
CELL-00371,Karnataka,15.762269,75.744767,0.0894,0.1195,0.0859,0.3825,0.2475,0.085,0.6333,2.9104,0.647,0.4885,242.0,18.8,46.8,0.8207,0.5677,High
CELL-00372,Karnataka,15.292287,74.743437,0.0247,0.0453,0.1511,0.1699,0.1988,0.2005,0.0584,0.9915,1.1702,-0.0043,898.0,4.0,20.3,1.0,0.5283,High
CELL-00373,Karnataka,15.455082,74.515035,0.125,0.1339,0.1201,0.3448,0.2118,0.0915,0.4835,2.3148,0.6143,0.3966,832.3,18.4,32.0,0.7803,0.5673,High
CELL-00374,Karnataka,14.76211,74.256207,0.0785,0.1435,0.1629,0.2731,0.3663,0.1303,0.2526,2.8113,1.3413,0.4753,551.7,31.5,44.8,1.0,0.6517,High
CELL-00375,Karnataka,13.26632,76.594985,0.0617,0.0567,0.0631,0.2463,0.1604,0.1462,0.5922,1.0972,0.6512,0.0464,248.5,10.4,28.6,0.3371,0.4777,Low
CELL-00376,Karnataka,15.239356,76.68053,0.1184,0.0798,0.154,0.1532,0.1217,0.1537,-0.0026,0.7919,0.7944,-0.1161,988.5,8.6,3.2,0.629,0.6635,Medium
CELL-00377,Karnataka,14.665887,75.582739,0.1052,0.065,0.1756,0.2083,0.3021,0.0548,0.0851,5.5094,1.4506,0.6928,509.9,12.3,27.2,1.0,0.6642,High
CELL-00378,Karnataka,15.409636,75.685631,0.1163,0.1293,0.084,0.3831,0.1743,0.2214,0.6404,0.7874,0.455,-0.1189,919.9,13.3,15.1,0.7509,0.6438,High
CELL-00379,Karnataka,15.789765,75.63525,0.106,0.1655,0.0377,0.1812,0.3068,0.2971,0.6553,1.0327,1.6932,0.0161,1042.7,14.5,4.5,0.7176,0.5708,High
CELL-00380,Karnataka,13.873589,76.316803,0.0298,0.1541,0.097,0.3086,0.1087,0.1512,0.5218,0.7188,0.3522,-0.1636,198.7,33.7,40.4,0.3913,0.6235,Low
CELL-00381,Karnataka,15.800365,75.03379,0.0409,0.1145,0.1899,0.1013,0.1562,0.3315,-0.304,0.4711,1.5413,-0.3595,288.2,4.0,28.5,0.8626,0.7059,High
CELL-00382,Karnataka,15.983693,76.037515,0.0296,0.1789,0.0934,0.2006,0.2585,0.1413,0.3645,1.8297,1.2888,0.2932,195.1,0.0,22.5,0.8385,0.6826,High
CELL-00383,Karnataka,15.997622,74.86054,0.0565,0.054,0.0495,0.1998,0.3337,0.3217,0.6027,1.0372,1.6701,0.0183,1172.6,8.1,44.1,0.5896,0.5227,Medium
CELL-00384,Karnataka,15.610075,75.908317,0.0414,0.0945,0.0717,0.3579,0.2251,0.3468,0.6662,0.6491,0.629,-0.2128,160.2,12.4,24.1,0.4271,0.626,Low
CELL-00385,Karnataka,15.187721,76.624241,0.142,0.1508,0.1731,0.2927,0.3443,0.1411,0.2567,2.4408,1.1763,0.4187,538.3,11.1,23.4,0.8879,0.5731,High
CELL-00386,Karnataka,14.580451,74.171297,0.0344,0.0629,0.1036,0.2516,0.3359,0.2718,0.4168,1.2356,1.3349,0.1054,569.0,11.7,15.8,0.7092,0.5935,High
CELL-00387,Karnataka,13.706698,76.797512,0.1317,0.1365,0.1068,0.2821,0.3921,0.3397,0.4508,1.1541,1.3898,0.0715,336.8,28.4,9.9,0.7889,0.4646,High
CELL-00388,Karnataka,14.215003,76.794633,0.0316,0.1067,0.1853,0.4164,0.1301,0.16,0.384,0.8131,0.3124,-0.1031,781.0,5.6,48.4,0.3606,0.3834,Low
CELL-00389,Karnataka,14.797033,74.215206,0.0495,0.1697,0.1835,0.3735,0.0862,0.1481,0.341,0.5821,0.2308,-0.2642,790.8,9.6,45.5,0.4127,0.6219,Low
CELL-00390,Karnataka,15.727017,76.8733,0.0301,0.1099,0.0746,0.2375,0.1375,0.2234,0.5219,0.6154,0.5789,-0.2381,1153.8,17.6,4.1,0.3642,0.6388,Low
CELL-00391,Karnataka,15.567776,75.304034,0.0451,0.0587,0.1584,0.193,0.3255,0.1118,0.0984,2.9125,1.687,0.4888,453.9,16.3,47.2,1.0,0.5975,High
CELL-00392,Karnataka,14.529955,75.381748,0.1371,0.1695,0.089,0.2721,0.3668,0.292,0.5069,1.2561,1.348,0.1135,104.0,11.2,21.1,1.0,0.72,High
CELL-00393,Karnataka,13.113354,75.930109,0.0541,0.0379,0.0616,0.3807,0.3525,0.1949,0.7215,1.8083,0.9259,0.2878,557.7,34.2,10.0,0.6532,0.4868,Medium
CELL-00394,Karnataka,13.518272,75.138097,0.1384,0.1223,0.0942,0.427,0.0955,0.1131,0.6387,0.8446,0.2237,-0.0843,722.5,21.5,2.0,0.7341,0.5322,High
CELL-00395,Karnataka,15.094212,75.91442,0.0617,0.044,0.0969,0.1451,0.3832,0.1926,0.1992,1.9903,2.6419,0.3312,449.0,26.8,24.9,1.0,0.633,High
CELL-00396,Karnataka,15.601456,76.019024,0.0261,0.1149,0.1574,0.1478,0.1532,0.3147,-0.0315,0.4867,1.0365,-0.3453,122.1,26.3,23.7,0.7347,0.6154,High
CELL-00397,Karnataka,15.458195,75.079475,0.0903,0.1316,0.1465,0.4346,0.25,0.1699,0.4958,1.4715,0.5753,0.1908,1149.1,22.5,14.9,0.8406,0.5222,High
CELL-00398,Karnataka,14.412449,74.596789,0.0982,0.0391,0.0944,0.2913,0.2195,0.2746,0.5105,0.7995,0.7536,-0.1114,1010.7,27.0,1.9,0.7628,0.5257,High
CELL-00399,Karnataka,15.804466,76.50487,0.1295,0.0755,0.0973,0.2647,0.1304,0.0593,0.4625,2.1975,0.4924,0.3745,1141.6,8.4,12.0,0.8393,0.6389,High
CELL-00400,Karnataka,15.734731,75.036861,0.1008,0.0358,0.0536,0.3909,0.3254,0.1552,0.7588,2.0965,0.8323,0.3541,514.5,18.7,0.0,0.7493,0.536,High
CELL-00401,Karnataka,13.751449,76.417718,0.0564,0.0587,0.1108,0.403,0.1572,0.0736,0.5688,2.1374,0.3902,0.3625,492.0,26.2,27.5,0.7317,0.7525,High
CELL-00402,Karnataka,14.480025,74.120207,0.148,0.0875,0.0474,0.3333,0.171,0.2257,0.751,0.7574,0.5129,-0.138,745.4,15.6,41.8,0.4145,0.4259,Low
CELL-00403,Karnataka,14.613076,75.990874,0.1219,0.0892,0.1363,0.1527,0.3784,0.1649,0.0568,2.2948,2.4781,0.393,902.5,0.7,10.3,1.0,0.7208,High
CELL-00404,Karnataka,14.581765,76.789611,0.0829,0.1036,0.0416,0.3809,0.159,0.3199,0.8033,0.4971,0.4175,-0.3359,1101.9,33.0,26.0,0.5519,0.6753,Medium
CELL-00405,Karnataka,13.393044,75.802872,0.0245,0.1046,0.0479,0.164,0.1968,0.1797,0.5482,1.0951,1.1999,0.0454,785.5,2.6,25.2,0.7816,0.5004,High
CELL-00406,Karnataka,14.912214,75.670128,0.116,0.0803,0.1577,0.2515,0.2349,0.2444,0.2291,0.9612,0.9343,-0.0198,120.2,22.9,30.9,0.8203,0.7077,High
CELL-00407,Karnataka,13.272806,76.769671,0.1096,0.0491,0.0842,0.3074,0.3474,0.0631,0.5699,5.5054,1.1302,0.6926,360.3,31.1,0.5,1.0,0.6038,High
CELL-00408,Karnataka,13.200973,74.084574,0.0518,0.1622,0.0949,0.3521,0.3739,0.1724,0.5755,2.1684,1.0617,0.3688,310.4,18.1,45.4,0.6586,0.6885,Medium
CELL-00409,Karnataka,15.72239,74.367444,0.0894,0.1619,0.0938,0.2687,0.1025,0.1334,0.4825,0.7685,0.3816,-0.1309,457.0,33.1,14.1,0.6037,0.5045,Medium
CELL-00410,Karnataka,13.48655,75.459327,0.116,0.16,0.1327,0.3342,0.1204,0.3337,0.4315,0.3608,0.3603,-0.4697,245.8,27.1,13.2,0.644,0.6777,Medium
CELL-00411,Karnataka,15.261441,74.657178,0.0776,0.1227,0.1586,0.1364,0.388,0.3171,-0.0753,1.2236,2.8446,0.1006,397.4,28.8,25.9,1.0,0.5899,High
CELL-00412,Karnataka,14.742906,76.189667,0.0734,0.1244,0.1459,0.3489,0.0966,0.3079,0.4103,0.3138,0.277,-0.5223,604.1,9.2,12.1,0.8022,0.6859,High
CELL-00413,Karnataka,14.135043,76.249177,0.0326,0.1014,0.1985,0.3697,0.1474,0.2004,0.3012,0.7353,0.3987,-0.1526,357.0,14.3,39.0,0.5769,0.7476,Medium
CELL-00414,Karnataka,15.76667,75.777705,0.0694,0.1053,0.1289,0.296,0.2356,0.2015,0.3932,1.1696,0.7962,0.0782,294.1,28.4,27.1,0.6616,0.5556,Medium
CELL-00415,Karnataka,15.797332,76.841921,0.068,0.0503,0.1133,0.1394,0.3789,0.1051,0.1033,3.6058,2.7176,0.5658,378.0,14.2,19.2,1.0,0.6624,High
CELL-00416,Karnataka,13.512305,74.80163,0.0862,0.0521,0.1301,0.298,0.3087,0.3313,0.3922,0.9318,1.0359,-0.0353,1103.5,33.1,12.2,0.6784,0.544,Medium
CELL-00417,Karnataka,15.685256,76.91616,0.1317,0.0465,0.1905,0.2482,0.083,0.1827,0.1314,0.4541,0.3344,-0.3754,150.7,19.0,16.9,0.6474,0.4678,Medium
CELL-00418,Karnataka,15.606403,75.985705,0.0764,0.1529,0.183,0.1419,0.2502,0.1354,-0.1265,1.8486,1.7631,0.2979,151.8,23.4,43.1,1.0,0.5762,High
CELL-00419,Karnataka,15.560187,76.743021,0.0545,0.1656,0.0777,0.2933,0.0962,0.0632,0.5811,1.5224,0.3278,0.2071,892.4,15.6,12.8,0.588,0.4516,Medium
CELL-00420,Karnataka,13.001205,76.417674,0.0303,0.0587,0.0895,0.2697,0.1936,0.1462,0.5016,1.3241,0.7178,0.1394,1160.3,22.5,1.2,0.6785,0.5173,Medium
CELL-00421,Karnataka,13.904369,74.283669,0.1186,0.1209,0.1227,0.1188,0.125,0.2368,-0.0162,0.5278,1.0523,-0.3091,328.6,17.6,27.2,0.7257,0.5913,High
CELL-00422,Karnataka,15.527392,76.167121,0.0301,0.0459,0.1087,0.1562,0.393,0.0976,0.1795,4.0289,2.5155,0.6023,636.2,12.7,32.0,1.0,0.512,High
CELL-00423,Karnataka,13.824115,76.663255,0.0253,0.1671,0.1699,0.2041,0.3326,0.0594,0.0915,5.6023,1.6291,0.6971,1163.6,18.4,15.2,1.0,0.5796,High
CELL-00424,Karnataka,15.968049,74.117876,0.1051,0.0964,0.1908,0.1861,0.2503,0.1947,-0.0125,1.2854,1.3448,0.1249,873.2,2.4,9.7,0.7914,0.4164,High
CELL-00425,Karnataka,13.567416,75.720475,0.048,0.1592,0.1896,0.2815,0.1927,0.1202,0.195,1.6033,0.6848,0.2317,154.8,9.4,32.7,0.8559,0.6614,High
CELL-00426,Karnataka,14.188832,76.08159,0.0836,0.1069,0.0682,0.2592,0.2307,0.262,0.5834,0.8804,0.8897,-0.0636,1134.7,11.5,2.1,1.0,0.6752,High
CELL-00427,Karnataka,13.505322,76.281394,0.148,0.1719,0.0555,0.4064,0.3054,0.1862,0.7598,1.6408,0.7516,0.2426,694.7,29.7,24.0,0.6461,0.3764,Medium
CELL-00428,Karnataka,14.737389,74.567233,0.1371,0.1311,0.134,0.1348,0.2733,0.0863,0.0031,3.1677,2.0274,0.5201,186.6,18.5,20.1,1.0,0.6732,High
CELL-00429,Karnataka,14.292949,74.52436,0.1483,0.1142,0.1437,0.2139,0.1103,0.3428,0.1962,0.3218,0.5157,-0.513,414.9,14.8,32.5,0.5237,0.6795,Medium
CELL-00430,Karnataka,13.184824,74.487495,0.1364,0.1329,0.065,0.123,0.301,0.2217,0.3085,1.3575,2.4479,0.1517,545.0,12.7,10.8,1.0,0.4314,High
CELL-00431,Karnataka,14.272555,75.340066,0.053,0.1538,0.1073,0.2902,0.1775,0.1045,0.4599,1.6981,0.6117,0.2587,194.5,25.0,9.8,0.9048,0.9155,High
CELL-00432,Karnataka,14.247324,75.407532,0.0678,0.0451,0.0757,0.3323,0.2931,0.1359,0.6288,2.1569,0.8819,0.3665,606.1,6.8,10.5,1.0,0.6899,High
CELL-00433,Karnataka,13.838804,74.382224,0.1031,0.0413,0.0442,0.3257,0.1887,0.2624,0.7612,0.7191,0.5794,-0.1634,713.2,9.0,32.5,0.5207,0.5036,Medium
CELL-00434,Karnataka,14.311444,74.803621,0.0985,0.1607,0.1998,0.3127,0.2095,0.1176,0.2203,1.7821,0.67,0.2811,382.8,16.8,18.4,0.8937,0.7633,High
CELL-00435,Karnataka,14.120334,75.150604,0.1288,0.1276,0.1306,0.217,0.3417,0.0615,0.2486,5.5557,1.5752,0.6949,1057.9,17.9,19.9,1.0,0.7191,High
CELL-00436,Karnataka,13.038296,76.614656,0.0781,0.0814,0.0449,0.2538,0.2388,0.1711,0.6995,1.3959,0.9409,0.1652,846.5,14.7,48.1,0.5734,0.5649,Medium
CELL-00437,Karnataka,13.328068,75.191874,0.0638,0.1154,0.175,0.1274,0.1032,0.3051,-0.1573,0.3383,0.8101,-0.4944,334.1,23.4,27.1,0.7389,0.512,High
CELL-00438,Karnataka,15.839136,75.244993,0.0625,0.121,0.1875,0.3929,0.3986,0.0568,0.354,7.0204,1.0143,0.7506,224.1,21.3,41.0,1.0,0.5159,High
CELL-00439,Karnataka,15.360927,74.169146,0.068,0.1059,0.1209,0.355,0.1936,0.2338,0.492,0.8278,0.5452,-0.0942,743.9,19.2,32.0,0.4344,0.542,Low
CELL-00440,Karnataka,13.357815,74.673747,0.085,0.1561,0.1462,0.3762,0.1923,0.1714,0.4401,1.122,0.5112,0.0575,533.1,6.7,3.1,0.6468,0.5911,Medium
CELL-00441,Karnataka,13.500489,74.140054,0.1213,0.0679,0.1693,0.3464,0.3826,0.1727,0.3433,2.2158,1.1046,0.3781,828.2,16.3,31.5,0.6507,0.5251,Medium
CELL-00442,Karnataka,14.523692,75.585753,0.1254,0.1403,0.1395,0.1397,0.3106,0.2001,0.0007,1.5523,2.2235,0.2164,1083.5,32.2,2.8,1.0,0.5713,High
CELL-00443,Karnataka,13.444302,76.238941,0.0211,0.0553,0.1245,0.35,0.3733,0.2616,0.4751,1.4268,1.0665,0.1759,839.0,13.8,0.1,0.8266,0.5031,High
CELL-00444,Karnataka,15.02539,75.252345,0.115,0.1083,0.0334,0.1672,0.3488,0.2675,0.6674,1.3041,2.0861,0.132,1084.2,4.1,49.5,0.9378,0.7648,High
CELL-00445,Karnataka,14.740686,76.712105,0.0616,0.1305,0.0538,0.3187,0.1877,0.1134,0.711,1.6554,0.5889,0.2468,444.5,6.3,45.1,0.4957,0.5567,Medium
CELL-00446,Karnataka,14.345224,74.961609,0.1168,0.1757,0.0988,0.4014,0.2611,0.0972,0.6048,2.6868,0.6505,0.4575,859.7,18.0,32.5,0.9516,0.8124,High
CELL-00447,Karnataka,15.703533,76.252007,0.0835,0.1205,0.0786,0.4443,0.2936,0.0632,0.6993,4.6482,0.6608,0.6459,459.3,21.8,2.8,1.0,0.5457,High
CELL-00448,Karnataka,13.998071,75.314896,0.0542,0.0547,0.144,0.2801,0.144,0.1459,0.3208,0.9875,0.5143,-0.0063,751.0,2.5,7.4,0.9106,0.8015,High
CELL-00449,Karnataka,15.148976,76.008156,0.082,0.1263,0.0269,0.3175,0.3289,0.2001,0.8438,1.6437,1.0359,0.2435,493.3,9.7,32.1,0.8752,0.7154,High
CELL-00450,Karnataka,14.027002,76.309317,0.093,0.1624,0.115,0.2812,0.2649,0.2748,0.4194,0.9641,0.9422,-0.0183,1161.2,2.6,2.7,0.8326,0.7316,High
CELL-00451,Karnataka,14.844709,75.447271,0.0322,0.1452,0.1545,0.2091,0.178,0.3014,0.1502,0.5907,0.8513,-0.2573,179.6,30.8,12.8,0.9787,0.7618,High
CELL-00452,Karnataka,15.034368,75.243289,0.1096,0.0816,0.0699,0.4488,0.3203,0.2434,0.7305,1.3157,0.7135,0.1363,490.8,1.7,1.6,1.0,0.7431,High
CELL-00453,Karnataka,14.612138,76.522355,0.0243,0.085,0.0627,0.2565,0.1032,0.3362,0.6073,0.3068,0.4021,-0.5304,345.6,32.3,21.3,0.5851,0.676,Medium
CELL-00454,Karnataka,15.792499,74.016047,0.1173,0.1655,0.0451,0.1336,0.2159,0.3301,0.495,0.6539,1.6152,-0.2092,696.6,18.5,7.1,0.6747,0.433,Medium
CELL-00455,Karnataka,15.743849,74.625956,0.1065,0.0418,0.1287,0.1574,0.3155,0.1404,0.1003,2.2477,2.0048,0.3842,609.7,21.0,8.6,1.0,0.6783,High
CELL-00456,Karnataka,14.987116,74.474849,0.1095,0.0492,0.0966,0.1865,0.3195,0.1286,0.3178,2.4841,1.7128,0.426,1069.9,31.2,9.8,1.0,0.6508,High
CELL-00457,Karnataka,14.174611,76.139965,0.1057,0.1237,0.0709,0.2323,0.1129,0.2657,0.5326,0.4251,0.4862,-0.4034,654.3,24.8,12.4,0.6244,0.5683,Medium
CELL-00458,Karnataka,13.077227,75.023144,0.1244,0.1646,0.1133,0.2594,0.0899,0.3138,0.3921,0.2864,0.3464,-0.5547,114.3,33.1,24.5,0.5238,0.5529,Medium
CELL-00459,Karnataka,13.073173,75.744275,0.0914,0.0629,0.0972,0.3283,0.3127,0.0502,0.5431,6.2269,0.9524,0.7233,1130.5,5.8,11.7,1.0,0.5484,High
CELL-00460,Karnataka,13.320974,76.15838,0.1311,0.0685,0.0238,0.1781,0.0981,0.081,0.7645,1.2106,0.5508,0.0953,574.7,8.0,25.8,0.5658,0.6846,Medium
CELL-00461,Karnataka,14.063272,75.143441,0.0735,0.1391,0.1013,0.3999,0.3821,0.1508,0.5958,2.5342,0.9556,0.4341,716.8,3.3,10.0,0.9871,0.6759,High
CELL-00462,Karnataka,15.629681,74.474859,0.0792,0.1209,0.1445,0.2341,0.3581,0.2205,0.2365,1.6241,1.5299,0.2378,583.5,2.4,23.2,0.8975,0.6879,High
CELL-00463,Karnataka,15.496487,75.482035,0.0354,0.032,0.0746,0.3443,0.3329,0.1387,0.6439,2.3996,0.9668,0.4117,645.2,14.7,20.5,0.8759,0.6128,High
CELL-00464,Karnataka,13.590066,74.165997,0.0458,0.0314,0.1329,0.2107,0.3914,0.1081,0.2265,3.6203,1.8574,0.5671,480.4,12.5,0.4,1.0,0.7445,High
CELL-00465,Madhya Pradesh,22.961334,79.66115,0.1041,0.0367,0.0297,0.26,0.2559,0.3163,0.7948,0.8089,0.984,-0.1057,215.1,28.8,10.5,0.6802,0.6214,Medium
CELL-00466,Madhya Pradesh,22.200466,78.951486,0.0855,0.1502,0.0995,0.2717,0.3516,0.2618,0.464,1.3429,1.294,0.1464,639.5,9.0,44.2,0.6631,0.6758,Medium
CELL-00467,Madhya Pradesh,21.807359,80.909399,0.0257,0.1788,0.0435,0.3786,0.2063,0.1977,0.7941,1.0438,0.5449,0.0214,1068.7,14.5,26.9,0.6238,0.5167,Medium
CELL-00468,Madhya Pradesh,21.363795,78.841286,0.0734,0.1272,0.1482,0.1625,0.1055,0.3321,0.046,0.3176,0.6492,-0.518,386.7,29.9,43.2,0.4561,0.6064,Medium
CELL-00469,Madhya Pradesh,23.465404,80.807752,0.0976,0.0806,0.0673,0.1427,0.2431,0.2256,0.3592,1.0778,1.7042,0.0374,495.3,16.6,18.2,0.9181,0.6379,High
CELL-00470,Madhya Pradesh,21.491761,79.644226,0.0383,0.1237,0.1512,0.4262,0.1692,0.3351,0.4763,0.5051,0.3971,-0.3288,169.6,21.1,2.9,0.6577,0.7365,Medium
CELL-00471,Madhya Pradesh,23.008045,80.994722,0.0395,0.0358,0.1782,0.2102,0.1213,0.1905,0.0825,0.6365,0.5769,-0.2221,758.1,1.1,13.7,0.7217,0.5868,High
CELL-00472,Madhya Pradesh,23.6853,81.447957,0.1028,0.0542,0.1831,0.2807,0.1292,0.3265,0.2105,0.3957,0.4603,-0.433,933.2,25.6,35.5,0.3567,0.4577,Low
CELL-00473,Madhya Pradesh,23.064879,79.159168,0.077,0.1473,0.1611,0.2586,0.3335,0.3016,0.2324,1.1058,1.2894,0.0503,820.3,8.0,13.7,0.8276,0.6131,High
CELL-00474,Madhya Pradesh,21.819479,79.128558,0.0792,0.1663,0.0388,0.3521,0.2999,0.0787,0.8015,3.8098,0.8518,0.5842,1114.8,19.9,18.2,0.9445,0.7198,High
CELL-00475,Madhya Pradesh,23.08053,78.619134,0.1291,0.0972,0.1346,0.1774,0.2967,0.2817,0.1373,1.0532,1.672,0.0259,620.5,21.6,22.8,0.7988,0.6729,High
CELL-00476,Madhya Pradesh,23.525426,80.904056,0.0734,0.0645,0.0931,0.3892,0.1528,0.2073,0.6139,0.7372,0.3927,-0.1513,986.7,12.4,32.1,0.4416,0.5661,Low
CELL-00477,Madhya Pradesh,23.383153,78.796906,0.0553,0.1583,0.0824,0.4406,0.3935,0.1305,0.685,3.0158,0.8932,0.502,145.1,24.7,22.5,0.8507,0.5185,High
CELL-00478,Madhya Pradesh,21.093525,81.11059,0.038,0.0491,0.0516,0.4361,0.3018,0.2904,0.7883,1.0393,0.6921,0.0193,537.4,11.8,11.7,0.6994,0.4274,Medium
CELL-00479,Madhya Pradesh,22.895325,79.271356,0.1433,0.0555,0.1938,0.1052,0.234,0.15,-0.2964,1.5596,2.224,0.2186,594.0,20.0,21.8,1.0,0.6181,High
CELL-00480,Madhya Pradesh,23.057629,80.999814,0.0525,0.1214,0.1253,0.2294,0.2355,0.1441,0.2934,1.6342,1.0267,0.2407,256.0,7.5,5.3,0.9877,0.7557,High
CELL-00481,Madhya Pradesh,23.851819,80.689035,0.0268,0.1626,0.1753,0.2552,0.2675,0.3428,0.1856,0.7802,1.0483,-0.1235,685.5,31.7,4.2,0.6708,0.4387,Medium
CELL-00482,Madhya Pradesh,22.75427,80.948684,0.1485,0.0883,0.0285,0.3804,0.2734,0.1096,0.8604,2.4954,0.7187,0.4278,644.3,26.0,38.5,0.6248,0.6523,Medium
CELL-00483,Madhya Pradesh,23.921228,80.490088,0.0731,0.0721,0.1516,0.1848,0.1349,0.209,0.0986,0.6458,0.7304,-0.2152,419.0,22.0,5.9,0.5499,0.6668,Medium
CELL-00484,Madhya Pradesh,21.000729,78.880808,0.1414,0.1601,0.062,0.3724,0.2747,0.3413,0.7144,0.8051,0.7377,-0.108,511.0,23.9,3.2,0.5109,0.5095,Medium
CELL-00485,Madhya Pradesh,22.616943,79.363639,0.0356,0.1355,0.1361,0.2309,0.3843,0.0567,0.2584,6.7825,1.6645,0.743,434.1,32.2,16.0,1.0,0.538,High
CELL-00486,Madhya Pradesh,23.471405,78.80944,0.1426,0.1493,0.0526,0.3492,0.2032,0.1707,0.7381,1.1904,0.5819,0.0869,961.6,33.7,6.3,0.4862,0.3077,Medium
CELL-00487,Madhya Pradesh,22.128935,79.589567,0.0268,0.1328,0.0985,0.1682,0.3411,0.2908,0.2612,1.1732,2.0284,0.0797,635.0,10.4,31.9,1.0,0.6388,High
CELL-00488,Madhya Pradesh,23.191544,78.620976,0.0323,0.031,0.0475,0.1241,0.3987,0.1366,0.4463,2.9175,3.2112,0.4895,264.2,8.4,46.8,1.0,0.6022,High
CELL-00489,Madhya Pradesh,23.620174,79.684971,0.0636,0.0611,0.088,0.2108,0.2967,0.1369,0.411,2.1679,1.4074,0.3687,734.9,2.3,9.6,1.0,0.6115,High
CELL-00490,Madhya Pradesh,22.131756,80.492222,0.0532,0.0491,0.0305,0.2069,0.1305,0.1022,0.7428,1.2764,0.6305,0.1214,936.8,0.6,27.9,0.7827,0.4697,High
CELL-00491,Madhya Pradesh,22.688491,79.440103,0.0584,0.14,0.1768,0.1674,0.1112,0.3193,-0.0274,0.3483,0.6645,-0.4833,484.9,19.3,18.0,0.8842,0.6118,High
CELL-00492,Madhya Pradesh,22.575423,79.108981,0.0787,0.1495,0.1263,0.1339,0.2554,0.2608,0.0294,0.9791,1.9068,-0.0106,972.0,22.0,7.6,1.0,0.7841,High
CELL-00493,Madhya Pradesh,21.073281,79.735243,0.0633,0.1304,0.0589,0.3068,0.3722,0.2893,0.6779,1.2865,1.2132,0.1253,1113.6,34.2,0.5,0.6236,0.761,Medium
CELL-00494,Madhya Pradesh,23.579563,79.255444,0.1475,0.1221,0.1628,0.13,0.1387,0.2775,-0.1123,0.4998,1.0673,-0.3335,124.2,28.6,0.7,0.7117,0.7457,High
CELL-00495,Madhya Pradesh,22.834485,80.588094,0.0645,0.0462,0.0325,0.3061,0.2466,0.2727,0.8079,0.9045,0.8056,-0.0502,660.7,14.8,19.9,0.8096,0.5245,High
CELL-00496,Madhya Pradesh,23.54189,79.823823,0.0223,0.0412,0.1119,0.4393,0.3018,0.0713,0.5941,4.2347,0.6871,0.6179,308.3,27.0,42.1,1.0,0.767,High
CELL-00497,Madhya Pradesh,21.085012,80.985591,0.1225,0.0689,0.1476,0.1752,0.0929,0.1103,0.0856,0.842,0.5303,-0.0858,296.5,11.8,20.9,0.2692,0.6609,Low
CELL-00498,Madhya Pradesh,21.812024,78.587512,0.0987,0.0894,0.0738,0.4034,0.319,0.3073,0.6909,1.0378,0.7906,0.0186,644.5,4.6,34.8,0.4849,0.424,Medium
CELL-00499,Madhya Pradesh,21.195002,80.975925,0.0364,0.1655,0.1756,0.2626,0.3182,0.2358,0.1987,1.3492,1.2117,0.1487,983.4,15.1,39.3,0.7286,0.5496,High
CELL-00500,Madhya Pradesh,22.459116,79.887858,0.1221,0.1532,0.1198,0.1629,0.2297,0.3404,0.1525,0.6747,1.4097,-0.1942,928.3,28.4,1.6,1.0,0.7351,High
CELL-00501,Madhya Pradesh,23.490098,78.647821,0.1308,0.1123,0.0555,0.211,0.1702,0.2093,0.5835,0.8134,0.8066,-0.1029,156.9,5.5,40.6,0.4425,0.4983,Low
CELL-00502,Madhya Pradesh,22.360112,80.051363,0.1193,0.0971,0.1622,0.3164,0.1162,0.0969,0.3223,1.1991,0.3672,0.0905,580.7,13.9,37.2,0.6927,0.9105,Medium
CELL-00503,Madhya Pradesh,21.512281,79.180511,0.0948,0.0935,0.1127,0.1597,0.2921,0.3058,0.1727,0.9554,1.8288,-0.0228,383.7,17.2,48.8,0.8746,0.4375,High
CELL-00504,Madhya Pradesh,21.270587,80.318045,0.0317,0.1739,0.1488,0.3759,0.3053,0.2269,0.4327,1.3455,0.8123,0.1473,594.9,30.0,47.8,0.6617,0.6093,Medium
CELL-00505,Madhya Pradesh,22.749999,80.115153,0.0791,0.0614,0.0207,0.1845,0.2431,0.164,0.7985,1.4825,1.3175,0.1944,593.3,34.3,17.5,0.9135,0.7445,High
CELL-00506,Madhya Pradesh,21.143873,80.826229,0.0942,0.1441,0.047,0.3001,0.1612,0.1184,0.7293,1.361,0.537,0.1529,112.7,4.6,15.5,0.4963,0.5224,Medium
CELL-00507,Madhya Pradesh,21.597247,80.26311,0.0283,0.1594,0.1931,0.1864,0.224,0.0566,-0.0177,3.9553,1.2021,0.5964,804.8,14.5,13.5,1.0,0.5453,High
CELL-00508,Madhya Pradesh,22.248651,79.038978,0.1096,0.1148,0.1746,0.1411,0.3314,0.2521,-0.1059,1.3148,2.3485,0.136,226.5,24.3,22.1,1.0,0.8046,High
CELL-00509,Madhya Pradesh,23.870444,79.489925,0.1451,0.1652,0.0687,0.3812,0.3986,0.1258,0.6947,3.1685,1.0455,0.5202,580.5,18.2,14.7,0.8782,0.4077,High
CELL-00510,Madhya Pradesh,21.513307,81.119763,0.1116,0.0428,0.137,0.3288,0.386,0.0509,0.4117,7.5824,1.174,0.767,372.7,32.5,46.6,1.0,0.6538,High
CELL-00511,Madhya Pradesh,21.274449,80.041628,0.0501,0.0572,0.1659,0.1473,0.23,0.3316,-0.0594,0.6936,1.5616,-0.1809,304.4,34.2,49.7,0.6631,0.6371,Medium
CELL-00512,Madhya Pradesh,21.948315,79.773478,0.0602,0.0721,0.195,0.1537,0.3147,0.0501,-0.1185,6.2778,2.0476,0.7252,755.8,32.1,14.4,1.0,0.6026,High
CELL-00513,Madhya Pradesh,23.137804,80.564092,0.0615,0.0678,0.1921,0.4232,0.2263,0.3039,0.3756,0.7449,0.5349,-0.1462,597.6,14.9,7.8,0.8368,0.433,High
CELL-00514,Madhya Pradesh,21.067513,79.832339,0.1216,0.132,0.1343,0.4183,0.0858,0.2171,0.5139,0.395,0.205,-0.4336,966.1,18.9,16.2,0.5661,0.5756,Medium
CELL-00515,Madhya Pradesh,22.757556,80.522576,0.1246,0.1289,0.0916,0.2798,0.337,0.1621,0.5065,2.0789,1.2045,0.3504,526.9,3.3,45.7,1.0,0.6424,High
CELL-00516,Madhya Pradesh,22.239583,79.716858,0.1083,0.0401,0.1269,0.3702,0.345,0.1012,0.4895,3.4107,0.932,0.5466,1087.2,23.0,44.1,1.0,0.6395,High
CELL-00517,Madhya Pradesh,23.757115,81.199729,0.0783,0.0712,0.0908,0.2357,0.1718,0.1306,0.444,1.3157,0.7288,0.1363,1047.2,2.4,33.9,0.5026,0.4368,Medium
CELL-00518,Madhya Pradesh,21.184629,79.309921,0.1199,0.1628,0.0599,0.2622,0.2305,0.3121,0.6282,0.7386,0.879,-0.1503,939.1,18.0,33.5,0.5959,0.5576,Medium
CELL-00519,Madhya Pradesh,23.220939,80.128524,0.0889,0.0822,0.1137,0.3294,0.2139,0.2642,0.4868,0.8094,0.6493,-0.1053,1047.4,5.4,22.6,0.8793,0.6078,High
CELL-00520,Madhya Pradesh,21.749602,80.420753,0.1341,0.0927,0.184,0.4476,0.1139,0.1199,0.4174,0.9502,0.2546,-0.0255,1145.4,33.5,4.9,0.7557,0.6718,High
CELL-00521,Madhya Pradesh,21.061205,80.313467,0.056,0.1594,0.071,0.3404,0.2958,0.1164,0.6547,2.5398,0.8689,0.435,138.3,14.3,14.5,0.8558,0.6344,High
CELL-00522,Madhya Pradesh,22.371072,80.319537,0.0986,0.1541,0.0965,0.1964,0.1648,0.2109,0.3411,0.7816,0.8391,-0.1226,594.1,15.4,4.6,0.8686,0.8178,High
CELL-00523,Madhya Pradesh,21.590861,79.738275,0.0496,0.1176,0.0869,0.2571,0.2519,0.1111,0.495,2.2681,0.9797,0.388,271.3,30.8,21.7,0.8738,0.6493,High
CELL-00524,Madhya Pradesh,22.493929,80.162509,0.0926,0.1361,0.0519,0.1883,0.3394,0.3342,0.5675,1.0158,1.8028,0.0078,249.5,17.4,10.7,1.0,0.732,High
CELL-00525,Madhya Pradesh,21.431063,80.629799,0.0894,0.0516,0.0217,0.3829,0.1364,0.2319,0.8929,0.5882,0.3562,-0.2593,470.6,20.5,15.8,0.4918,0.6018,Medium
CELL-00526,Madhya Pradesh,21.564176,79.784058,0.1056,0.0696,0.0222,0.2816,0.2738,0.3389,0.854,0.8081,0.9724,-0.1061,748.4,16.5,28.7,0.5738,0.5805,Medium
CELL-00527,Madhya Pradesh,21.787901,80.013263,0.1167,0.1055,0.0322,0.3533,0.3379,0.1368,0.8329,2.4692,0.9566,0.4235,830.5,14.9,44.5,0.9012,0.8141,High
CELL-00528,Madhya Pradesh,23.074517,81.150049,0.0844,0.077,0.1557,0.177,0.2043,0.3097,0.0642,0.6597,1.1543,-0.205,896.9,14.1,10.7,0.6864,0.5173,Medium
CELL-00529,Madhya Pradesh,21.528268,80.729999,0.0528,0.0981,0.0895,0.4437,0.2051,0.074,0.6644,2.7725,0.4623,0.4698,198.8,20.7,30.0,0.6392,0.4269,Medium
CELL-00530,Madhya Pradesh,21.161798,80.04964,0.0856,0.0524,0.0387,0.1433,0.1123,0.2329,0.5747,0.4823,0.7841,-0.3493,316.1,8.8,8.7,0.5902,0.4866,Medium
CELL-00531,Madhya Pradesh,21.629679,79.975628,0.0225,0.1307,0.1142,0.4145,0.1326,0.2912,0.5681,0.4553,0.3199,-0.3743,971.2,4.5,19.9,0.6044,0.5984,Medium
CELL-00532,Madhya Pradesh,21.789739,80.168709,0.0735,0.1722,0.0427,0.4408,0.1538,0.2819,0.8232,0.5457,0.3489,-0.2939,472.9,5.0,42.9,0.6621,0.5619,Medium
CELL-00533,Madhya Pradesh,22.699331,79.915269,0.0845,0.1398,0.0358,0.3339,0.3667,0.0673,0.8063,5.4452,1.0982,0.6897,254.7,25.1,21.9,1.0,0.74,High
CELL-00534,Madhya Pradesh,22.52031,78.879636,0.082,0.1445,0.0665,0.2683,0.3974,0.256,0.6028,1.5525,1.4815,0.2165,1025.5,14.5,38.4,0.7932,0.5018,High
CELL-00535,Madhya Pradesh,23.537235,79.538798,0.1051,0.1364,0.1255,0.225,0.2647,0.1527,0.2839,1.7334,1.1761,0.2683,192.3,34.7,6.4,0.9845,0.4966,High
CELL-00536,Madhya Pradesh,21.987017,79.674363,0.0541,0.0815,0.0939,0.3521,0.2437,0.3331,0.5789,0.7317,0.692,-0.155,146.1,17.6,29.2,0.8226,0.7321,High
CELL-00537,Madhya Pradesh,21.725783,81.128877,0.0225,0.1399,0.188,0.33,0.2205,0.0635,0.2743,3.4742,0.6681,0.553,1112.1,16.5,1.4,0.9878,0.7901,High
CELL-00538,Madhya Pradesh,21.373036,79.142815,0.0284,0.1161,0.132,0.277,0.3415,0.3083,0.3547,1.1076,1.2327,0.051,777.2,0.4,34.8,0.8277,0.3925,High
CELL-00539,Madhya Pradesh,22.947242,79.55071,0.1392,0.0501,0.1409,0.1015,0.3759,0.0838,-0.1623,4.4882,3.7024,0.6356,204.4,11.7,18.7,1.0,0.5671,High
CELL-00540,Madhya Pradesh,22.328742,78.602527,0.0616,0.1516,0.1441,0.3537,0.3034,0.1433,0.4209,2.1173,0.8578,0.3584,209.6,9.5,41.6,0.7331,0.6287,High
CELL-00541,Madhya Pradesh,21.029101,78.920134,0.0619,0.1168,0.0335,0.4302,0.1968,0.3238,0.8554,0.6079,0.4576,-0.2438,958.6,26.4,30.3,0.4423,0.6603,Low
CELL-00542,Madhya Pradesh,22.886164,80.161185,0.1482,0.1398,0.1599,0.4054,0.149,0.0751,0.4344,1.983,0.3676,0.3295,631.2,18.0,41.5,1.0,0.5747,High
CELL-00543,Madhya Pradesh,22.581213,78.614608,0.1,0.1542,0.0484,0.308,0.27,0.0993,0.7286,2.7198,0.8764,0.4623,235.8,34.3,19.7,0.7534,0.5411,High
CELL-00544,Madhya Pradesh,23.002805,80.328336,0.1037,0.0432,0.1808,0.2362,0.1803,0.1887,0.1328,0.9553,0.7631,-0.0228,529.1,30.2,46.5,0.8103,0.6685,High
CELL-00545,Madhya Pradesh,23.344569,81.292423,0.0519,0.1165,0.0694,0.3884,0.0817,0.2194,0.6968,0.3723,0.2103,-0.4574,473.1,11.3,32.2,0.4208,0.6741,Low
CELL-00546,Madhya Pradesh,23.559519,79.293791,0.0875,0.0976,0.0221,0.2949,0.2917,0.2276,0.8606,1.2817,0.9892,0.1235,909.9,20.0,3.3,0.7274,0.5151,High
CELL-00547,Madhya Pradesh,21.824938,78.738935,0.0758,0.1131,0.0792,0.3522,0.286,0.1498,0.6329,1.9087,0.8122,0.3124,930.4,22.7,31.9,0.6488,0.5883,Medium
CELL-00548,Madhya Pradesh,23.089522,79.628125,0.1425,0.1527,0.1258,0.1883,0.1452,0.1521,0.1989,0.9545,0.7712,-0.0233,624.2,10.4,25.7,0.8113,0.782,High
CELL-00549,Madhya Pradesh,23.174731,79.808145,0.1019,0.0811,0.0742,0.3024,0.2394,0.2239,0.6059,1.0694,0.7917,0.0335,415.3,12.8,4.2,0.7225,0.7827,High
CELL-00550,Madhya Pradesh,23.614637,79.954977,0.0597,0.1076,0.0888,0.2975,0.1167,0.3491,0.5404,0.3341,0.3921,-0.4991,568.1,12.2,35.5,0.6377,0.5893,Medium
CELL-00551,Madhya Pradesh,22.362812,80.658675,0.034,0.1569,0.1524,0.1741,0.1265,0.1449,0.0664,0.873,0.7265,-0.0678,1173.7,9.0,22.8,0.8266,0.6607,High
CELL-00552,Madhya Pradesh,22.71396,81.359374,0.0872,0.1529,0.1185,0.1143,0.1808,0.2227,-0.0181,0.812,1.5822,-0.1038,1145.7,30.1,11.4,0.7925,0.5325,High
CELL-00553,Madhya Pradesh,23.767497,81.057998,0.1207,0.0889,0.1108,0.2625,0.1611,0.2015,0.4064,0.7994,0.6136,-0.1115,133.5,4.6,44.3,0.4185,0.7055,Low
CELL-00554,Madhya Pradesh,22.551451,79.609997,0.1163,0.1476,0.1574,0.3529,0.1454,0.1514,0.3831,0.9607,0.4121,-0.02,616.8,11.6,37.7,0.6775,0.7007,Medium
CELL-00555,Madhya Pradesh,22.197121,81.439743,0.0494,0.1218,0.0979,0.1249,0.2361,0.2606,0.1208,0.9059,1.8911,-0.0494,664.5,30.5,14.4,0.9482,0.3902,High
CELL-00556,Madhya Pradesh,23.376009,79.472941,0.1131,0.0503,0.0724,0.1506,0.3396,0.1168,0.3506,2.9076,2.2542,0.4882,889.1,33.0,26.4,1.0,0.8588,High
CELL-00557,Madhya Pradesh,21.97767,79.926965,0.0984,0.1779,0.1888,0.4018,0.3645,0.1904,0.3606,1.915,0.9073,0.3139,823.2,31.3,19.6,0.9732,0.7704,High
CELL-00558,Madhya Pradesh,22.803248,80.629414,0.1436,0.0667,0.1543,0.2823,0.1659,0.283,0.2931,0.5864,0.5878,-0.2607,707.4,23.1,16.1,0.9546,0.6574,High
CELL-00559,Madhya Pradesh,22.214732,79.095118,0.145,0.1067,0.1521,0.2439,0.1936,0.1721,0.2317,1.1249,0.794,0.0588,550.1,19.0,27.2,0.6598,0.6568,Medium
CELL-00560,Madhya Pradesh,22.488226,79.007312,0.0364,0.1699,0.1289,0.3308,0.2086,0.3227,0.4393,0.6464,0.6305,-0.2148,801.7,26.9,18.4,0.6446,0.6788,Medium
CELL-00561,Maharashtra,20.31289,78.85688,0.0552,0.1583,0.0257,0.1266,0.1677,0.11,0.6622,1.5246,1.3239,0.2078,355.0,27.9,28.2,0.8386,0.6512,High
CELL-00562,Maharashtra,20.723655,78.341836,0.1079,0.1353,0.1498,0.355,0.08,0.3362,0.4066,0.238,0.2254,-0.6155,995.6,31.6,0.8,0.6625,0.8034,Medium
CELL-00563,Maharashtra,22.336889,79.328811,0.0979,0.1015,0.1879,0.1266,0.2404,0.2561,-0.1948,0.9386,1.8981,-0.0317,971.1,20.4,45.4,0.829,0.5912,High
CELL-00564,Maharashtra,20.48825,79.610605,0.1384,0.157,0.0429,0.1326,0.2686,0.2096,0.5106,1.2811,2.026,0.1232,393.0,31.5,46.4,1.0,0.6989,High
CELL-00565,Maharashtra,20.651847,80.21045,0.0819,0.0484,0.187,0.2589,0.315,0.1602,0.1612,1.9671,1.2167,0.3259,120.8,3.5,24.8,0.9505,0.8063,High
CELL-00566,Maharashtra,21.586465,80.095907,0.1115,0.1039,0.1847,0.2712,0.2241,0.1098,0.1898,2.0406,0.8262,0.3422,438.4,1.5,31.7,0.87,0.5687,High
CELL-00567,Maharashtra,21.812444,78.981664,0.0515,0.0554,0.1595,0.1454,0.2252,0.2021,-0.0462,1.1144,1.5489,0.0541,856.1,22.2,40.5,0.8887,0.6461,High
CELL-00568,Maharashtra,20.340402,78.438051,0.0576,0.0765,0.1139,0.3323,0.202,0.2658,0.4893,0.7597,0.6077,-0.1366,469.8,10.2,27.1,0.6372,0.6007,Medium
CELL-00569,Maharashtra,21.664535,78.26438,0.13,0.1398,0.13,0.3871,0.2093,0.1165,0.4973,1.7975,0.5407,0.2851,663.2,19.2,26.9,0.6966,0.5985,Medium
CELL-00570,Maharashtra,22.206737,80.627151,0.1242,0.1715,0.0377,0.1928,0.2384,0.304,0.6727,0.7844,1.2367,-0.1208,655.7,26.2,6.9,0.6901,0.4613,Medium
CELL-00571,Maharashtra,19.994202,79.054068,0.0544,0.0825,0.1475,0.2287,0.2577,0.08,0.2159,3.2219,1.1265,0.5263,985.5,12.9,32.4,0.9831,0.703,High
CELL-00572,Maharashtra,22.154025,79.848673,0.0757,0.0574,0.1896,0.3643,0.1466,0.1513,0.3153,0.9686,0.4024,-0.0159,990.6,24.3,38.3,0.6696,0.5722,Medium
CELL-00573,Maharashtra,20.659481,78.633789,0.1022,0.1764,0.0759,0.2613,0.2957,0.2125,0.5498,1.3918,1.1314,0.1638,1027.8,26.7,2.9,0.908,0.7505,High
CELL-00574,Maharashtra,22.068855,78.337149,0.0652,0.1615,0.0563,0.1274,0.3322,0.3006,0.387,1.1049,2.6078,0.0499,278.9,29.9,34.3,0.9935,0.5709,High
CELL-00575,Maharashtra,20.757748,78.581982,0.057,0.1058,0.1156,0.382,0.3332,0.2244,0.5352,1.4849,0.8724,0.1951,958.9,6.7,2.5,0.9328,0.5517,High
CELL-00576,Maharashtra,20.728344,80.628942,0.0587,0.0318,0.0741,0.3023,0.2003,0.2105,0.6062,0.9517,0.6625,-0.0247,1064.3,31.9,13.3,0.7977,0.4495,High
CELL-00577,Maharashtra,22.347337,80.995852,0.0506,0.139,0.088,0.1028,0.083,0.1882,0.0775,0.4409,0.8067,-0.388,637.2,0.8,34.3,0.5389,0.3233,Medium
CELL-00578,Maharashtra,20.402757,78.501403,0.0729,0.0648,0.1163,0.1696,0.2427,0.0972,0.1865,2.4965,1.431,0.428,838.1,26.4,5.5,1.0,0.6197,High
CELL-00579,Maharashtra,21.294547,78.793213,0.0886,0.1076,0.1864,0.2922,0.2666,0.1705,0.2211,1.5634,0.9123,0.2198,1144.0,27.2,14.3,0.8972,0.802,High
CELL-00580,Maharashtra,21.986001,80.468664,0.0446,0.1352,0.0723,0.2041,0.1748,0.2677,0.4768,0.6532,0.8565,-0.2098,352.8,0.0,35.8,0.5443,0.4579,Medium
CELL-00581,Maharashtra,20.927719,78.13371,0.1462,0.1374,0.0782,0.2115,0.2235,0.2379,0.4603,0.9397,1.0567,-0.0311,261.0,6.6,43.0,0.5554,0.4546,Medium
CELL-00582,Maharashtra,22.113816,79.989443,0.0644,0.1326,0.0235,0.3575,0.2358,0.294,0.8764,0.8023,0.6598,-0.1097,1150.1,32.4,45.5,0.2807,0.637,Low
CELL-00583,Maharashtra,20.895106,80.069688,0.1349,0.061,0.1853,0.3853,0.3932,0.3141,0.3506,1.252,1.0206,0.1119,407.9,3.7,5.6,1.0,0.5619,High
CELL-00584,Maharashtra,21.912961,80.697751,0.1011,0.0308,0.0535,0.1349,0.1963,0.2004,0.4318,0.9793,1.4548,-0.0104,147.7,12.2,9.0,0.7136,0.7866,High
CELL-00585,Maharashtra,20.985953,79.283075,0.1443,0.0622,0.113,0.3576,0.2582,0.3287,0.5198,0.7855,0.722,-0.1202,515.8,16.2,4.4,0.7997,0.8462,High
CELL-00586,Maharashtra,19.980927,79.633594,0.0892,0.0414,0.1457,0.3183,0.1405,0.1908,0.3721,0.7362,0.4413,-0.152,892.4,18.5,19.8,0.715,0.4872,High
CELL-00587,Maharashtra,22.317326,80.015235,0.0297,0.0991,0.1803,0.1331,0.3964,0.3347,-0.1509,1.1844,2.9794,0.0844,186.1,32.7,18.2,1.0,0.7021,High
CELL-00588,Maharashtra,20.822565,79.902729,0.1207,0.0351,0.1268,0.1654,0.1907,0.1544,0.1321,1.2352,1.1533,0.1052,616.0,11.7,5.4,1.0,0.73,High
CELL-00589,Maharashtra,19.847026,80.838793,0.1153,0.1256,0.1361,0.3894,0.1142,0.2014,0.4818,0.567,0.2933,-0.2763,866.8,20.5,41.6,0.3552,0.4882,Low
CELL-00590,Maharashtra,21.102083,79.137483,0.0642,0.1231,0.1804,0.2737,0.3439,0.1706,0.2054,2.0153,1.2567,0.3367,212.6,2.2,2.6,1.0,0.6306,High
CELL-00591,Maharashtra,21.653811,80.228465,0.0266,0.0632,0.0694,0.2917,0.1262,0.0902,0.6157,1.3999,0.4328,0.1666,1138.2,28.1,9.0,0.5584,0.5409,Medium
CELL-00592,Maharashtra,21.873012,79.530639,0.0366,0.1408,0.0914,0.192,0.2002,0.1993,0.3548,1.0042,1.0424,0.0021,477.4,8.5,19.9,0.9109,0.7357,High
CELL-00593,Maharashtra,21.941487,79.480528,0.0467,0.1406,0.1459,0.1862,0.3691,0.0813,0.1212,4.5392,1.9823,0.6389,1181.0,30.1,34.4,1.0,0.6816,High
CELL-00594,Maharashtra,20.071371,79.326468,0.0293,0.0884,0.1535,0.2353,0.1857,0.2286,0.2103,0.8123,0.7893,-0.1036,1059.4,1.7,19.3,0.8155,0.5734,High
CELL-00595,Maharashtra,19.817174,79.994423,0.0572,0.0598,0.1885,0.1065,0.2201,0.0565,-0.2781,3.8962,2.0669,0.5915,632.0,17.5,16.1,1.0,0.5123,High
CELL-00596,Maharashtra,21.516789,80.347187,0.089,0.1185,0.0561,0.2006,0.1318,0.1248,0.5628,1.0562,0.6572,0.0274,347.4,18.2,28.1,0.7364,0.7003,High
CELL-00597,Maharashtra,21.180724,78.765011,0.0541,0.0359,0.075,0.3606,0.0952,0.1158,0.6557,0.8222,0.264,-0.0976,876.9,27.4,22.8,0.5348,0.8409,Medium
CELL-00598,Maharashtra,19.97974,79.194448,0.0954,0.1722,0.0324,0.2776,0.1853,0.2025,0.7911,0.9149,0.6674,-0.0445,126.4,11.0,41.0,0.4082,0.8447,Low
CELL-00599,Maharashtra,20.356575,78.894128,0.0698,0.1553,0.1941,0.2535,0.2059,0.304,0.1328,0.6773,0.812,-0.1924,569.6,19.3,11.5,0.8235,0.8346,High
CELL-00600,Maharashtra,21.927104,80.342198,0.048,0.1373,0.164,0.2211,0.1352,0.0508,0.1483,2.6626,0.6115,0.4539,596.0,12.3,27.7,0.8972,0.5831,High
CELL-00601,Maharashtra,20.273266,78.679289,0.0825,0.1048,0.0587,0.1952,0.1343,0.2655,0.5374,0.5058,0.6882,-0.3282,947.1,16.2,35.7,0.5513,0.6774,Medium
CELL-00602,Maharashtra,22.398534,80.463096,0.0466,0.0579,0.0426,0.1484,0.3194,0.1909,0.5538,1.6732,2.1519,0.2518,961.2,26.1,30.2,0.9324,0.4044,High
CELL-00603,Maharashtra,19.528035,78.098931,0.1307,0.1326,0.0678,0.3408,0.3336,0.142,0.6683,2.3486,0.9789,0.4027,139.6,32.6,17.3,0.6408,0.4022,Medium
CELL-00604,Maharashtra,21.805403,78.664942,0.055,0.0664,0.1985,0.1691,0.2642,0.3276,-0.08,0.8064,1.5623,-0.1072,261.6,34.0,47.4,0.7707,0.6593,High
CELL-00605,Maharashtra,21.402165,80.282674,0.1482,0.0571,0.1579,0.2186,0.1362,0.1764,0.1612,0.7721,0.6231,-0.1286,973.2,16.3,26.9,0.5994,0.8004,Medium
CELL-00606,Maharashtra,20.678357,80.086922,0.1419,0.1114,0.1583,0.1312,0.1476,0.2006,-0.0936,0.7355,1.1246,-0.1524,122.0,8.8,25.9,1.0,0.7516,High
CELL-00607,Maharashtra,22.277255,79.936037,0.0739,0.1696,0.1613,0.17,0.1219,0.2527,0.0263,0.4822,0.7169,-0.3494,715.9,27.6,36.9,0.5222,0.6063,Medium
CELL-00608,Maharashtra,21.984821,78.75556,0.121,0.1736,0.1454,0.3086,0.2273,0.1593,0.3594,1.4268,0.7366,0.1759,488.3,22.3,37.6,0.5773,0.6755,Medium
CELL-00609,Maharashtra,20.981962,80.37492,0.0818,0.1105,0.1588,0.3314,0.211,0.3186,0.3521,0.6622,0.6366,-0.2032,278.8,34.8,5.9,0.8005,0.5776,High
CELL-00610,Maharashtra,21.933046,80.576959,0.1489,0.0741,0.1478,0.1404,0.2102,0.3044,-0.0259,0.6905,1.4971,-0.1831,504.4,20.7,25.2,0.8039,0.5922,High
CELL-00611,Maharashtra,19.667207,79.721885,0.1322,0.1022,0.0341,0.2962,0.1863,0.0965,0.7933,1.9305,0.6289,0.3175,1033.9,18.3,46.7,0.6421,0.6936,Medium
CELL-00612,Maharashtra,19.515077,79.28347,0.0457,0.1666,0.0514,0.2001,0.2454,0.129,0.5911,1.9021,1.2262,0.3108,330.9,21.0,4.4,0.8121,0.5194,High
CELL-00613,Maharashtra,21.661993,79.66442,0.075,0.1149,0.0858,0.4277,0.0976,0.252,0.6659,0.3872,0.2282,-0.4418,1080.4,28.1,9.2,0.7463,0.5991,High
CELL-00614,Maharashtra,19.752812,80.435585,0.1135,0.1394,0.038,0.3512,0.2975,0.2993,0.8045,0.9942,0.8472,-0.0029,145.8,0.8,18.7,0.567,0.4512,Medium
CELL-00615,Maharashtra,22.252047,79.174439,0.1298,0.03,0.0503,0.1106,0.185,0.3225,0.3747,0.5737,1.672,-0.2709,206.6,21.2,22.6,0.6703,0.556,Medium
CELL-00616,Maharashtra,22.109718,79.814822,0.0998,0.1098,0.0365,0.2558,0.3998,0.3006,0.75,1.3303,1.5634,0.1417,1082.8,28.8,5.2,0.8074,0.5943,High
CELL-00617,Maharashtra,20.91838,80.031382,0.1337,0.1424,0.1889,0.1189,0.0839,0.2484,-0.2277,0.3377,0.7058,-0.495,418.3,8.9,16.5,0.9436,0.5436,High
CELL-00618,Maharashtra,20.820445,79.537286,0.1075,0.0881,0.0652,0.1582,0.1918,0.2725,0.416,0.7039,1.2128,-0.1738,932.4,23.3,11.7,1.0,0.9627,High
CELL-00619,Maharashtra,20.952799,79.649937,0.0839,0.1148,0.1488,0.1384,0.3199,0.0908,-0.0363,3.5242,2.3118,0.5579,173.3,34.2,47.8,1.0,0.7075,High
CELL-00620,Maharashtra,20.058735,79.456035,0.1279,0.1726,0.1342,0.2239,0.2731,0.1436,0.2505,1.9016,1.2198,0.3107,1100.8,30.5,27.9,0.8348,0.5574,High
CELL-00621,Maharashtra,19.600254,80.447463,0.0785,0.0788,0.1048,0.3866,0.1199,0.3073,0.5734,0.3901,0.3101,-0.4387,1087.3,33.1,19.9,0.3562,0.4201,Low
CELL-00622,Maharashtra,20.498736,78.528462,0.0989,0.1015,0.1758,0.1112,0.286,0.2789,-0.225,1.0256,2.5714,0.0127,935.4,31.0,36.5,1.0,0.6902,High
CELL-00623,Maharashtra,21.009628,78.042239,0.0209,0.066,0.0381,0.1911,0.1367,0.0586,0.6672,2.3337,0.7152,0.4001,1100.2,0.3,36.8,0.7351,0.6581,High
CELL-00624,Maharashtra,21.516702,78.016017,0.148,0.1617,0.1811,0.3307,0.1903,0.3181,0.2923,0.5983,0.5755,-0.2513,420.7,19.7,5.0,0.6079,0.4158,Medium
CELL-00625,Maharashtra,21.792279,79.858054,0.0502,0.0301,0.1563,0.4448,0.3392,0.1881,0.48,1.8035,0.7625,0.2866,1094.1,14.3,26.2,0.6213,0.5517,Medium
CELL-00626,Maharashtra,21.825572,79.580307,0.0612,0.0687,0.0268,0.3041,0.1536,0.0944,0.8381,1.6263,0.505,0.2385,819.2,23.8,37.6,0.7475,0.6765,High
CELL-00627,Maharashtra,22.309028,80.422113,0.1026,0.0756,0.1969,0.1959,0.1449,0.1826,-0.0025,0.7931,0.7392,-0.1154,162.5,34.2,29.4,0.7152,0.6319,High
CELL-00628,Maharashtra,20.991071,78.096191,0.0996,0.1374,0.095,0.3651,0.1526,0.1164,0.587,1.3115,0.4181,0.1348,277.6,13.0,42.4,0.468,0.7027,Medium
CELL-00629,Maharashtra,21.267356,80.162449,0.0514,0.0552,0.195,0.3161,0.3941,0.1513,0.2371,2.604,1.2464,0.4451,873.3,7.8,13.1,1.0,0.7061,High
CELL-00630,Maharashtra,20.002865,78.788642,0.0246,0.1357,0.1086,0.133,0.1349,0.0808,0.101,1.6709,1.0147,0.2512,773.9,3.3,37.7,0.8445,0.6743,High
CELL-00631,Maharashtra,19.718905,80.463378,0.0841,0.157,0.1281,0.3386,0.3979,0.1197,0.451,3.3243,1.175,0.5375,786.3,16.1,2.0,1.0,0.7523,High
CELL-00632,Maharashtra,21.160289,78.09557,0.081,0.1687,0.0916,0.3187,0.3295,0.2852,0.5536,1.1556,1.0339,0.0722,671.2,30.0,19.6,0.6221,0.6311,Medium
CELL-00633,Maharashtra,20.340649,78.159362,0.1234,0.0926,0.0612,0.1811,0.3684,0.3002,0.4946,1.2274,2.0342,0.1021,708.9,21.6,23.7,0.9057,0.5562,High
CELL-00634,Maharashtra,19.876838,79.25534,0.0648,0.1047,0.1024,0.2816,0.1248,0.2039,0.4668,0.6118,0.4431,-0.2408,366.7,6.5,3.2,0.6264,0.7778,Medium
CELL-00635,Maharashtra,21.379931,80.18278,0.1083,0.1006,0.0898,0.2316,0.2848,0.1984,0.4411,1.4353,1.2298,0.1787,1034.0,30.6,8.5,0.9629,0.5872,High
CELL-00636,Maharashtra,20.403677,78.055712,0.1355,0.064,0.1873,0.3511,0.324,0.1104,0.3043,2.9342,0.9229,0.4916,357.6,18.2,8.6,0.8272,0.4479,High
CELL-00637,Maharashtra,19.97889,78.615549,0.1225,0.0551,0.0251,0.3203,0.3923,0.1494,0.8545,2.6266,1.2249,0.4485,230.5,20.0,45.3,0.8385,0.7246,High
CELL-00638,Maharashtra,20.445169,79.625641,0.0319,0.1318,0.1505,0.4378,0.1633,0.0555,0.4883,2.9409,0.3731,0.4925,700.2,24.7,39.5,0.8738,0.6352,High
CELL-00639,Maharashtra,21.037773,78.991802,0.1319,0.1011,0.1639,0.3032,0.3274,0.1498,0.2982,2.1855,1.0797,0.3722,1014.6,9.6,27.3,1.0,0.5751,High
CELL-00640,Maharashtra,20.454526,78.80011,0.1457,0.054,0.1617,0.4445,0.0864,0.2597,0.4664,0.3326,0.1943,-0.5009,378.2,1.4,20.1,0.6463,0.9306,Medium
CELL-00641,Maharashtra,22.120152,78.252005,0.1086,0.132,0.1404,0.4298,0.3434,0.0626,0.5075,5.4861,0.7989,0.6917,618.2,13.9,15.5,0.927,0.4574,High
CELL-00642,Maharashtra,20.797002,80.937786,0.0315,0.1683,0.1064,0.3183,0.3457,0.1581,0.4988,2.1858,1.0859,0.3722,573.5,14.3,18.7,0.756,0.5662,High
CELL-00643,Maharashtra,21.357279,78.431075,0.0879,0.0311,0.077,0.337,0.2349,0.3435,0.6281,0.6839,0.697,-0.1877,1061.5,12.6,2.3,0.669,0.6484,Medium
CELL-00644,Maharashtra,22.493745,78.775753,0.1141,0.1662,0.0624,0.4179,0.179,0.3429,0.7401,0.5221,0.4284,-0.314,409.4,33.4,2.7,0.4758,0.7342,Medium
CELL-00645,Maharashtra,20.933631,78.670483,0.1117,0.0586,0.1195,0.1886,0.3858,0.0586,0.2243,6.5848,2.0452,0.7363,319.7,8.5,20.7,1.0,0.517,High
CELL-00646,Maharashtra,22.117397,80.13619,0.0954,0.0434,0.1449,0.1582,0.3316,0.125,0.044,2.6527,2.0957,0.4525,558.8,12.3,42.9,1.0,0.5035,High
CELL-00647,Maharashtra,19.926185,80.114388,0.1377,0.0952,0.1079,0.4246,0.2467,0.1963,0.5949,1.257,0.5811,0.1139,736.2,24.1,5.3,0.6395,0.742,Medium
CELL-00648,Maharashtra,19.717046,80.358548,0.069,0.0451,0.1341,0.408,0.3641,0.3373,0.5054,1.0794,0.8923,0.0382,1054.5,0.1,19.0,0.5856,0.6806,Medium
CELL-00649,Maharashtra,21.304646,79.818951,0.0675,0.1657,0.1106,0.2627,0.3992,0.1981,0.4075,2.0157,1.5198,0.3368,296.2,18.0,40.7,1.0,0.7993,High
CELL-00650,Maharashtra,21.624071,78.762653,0.1321,0.164,0.0549,0.1457,0.3922,0.3105,0.4522,1.2631,2.6925,0.1163,1082.6,31.0,27.1,1.0,0.8628,High
CELL-00651,Maharashtra,19.653619,80.236509,0.0857,0.1272,0.1105,0.2721,0.135,0.1336,0.4225,1.0102,0.496,0.0051,274.7,6.8,48.6,0.4103,0.4987,Low
CELL-00652,Maharashtra,21.271769,79.830536,0.04,0.1491,0.1613,0.1831,0.1724,0.3314,0.0631,0.5201,0.9416,-0.3157,1008.2,24.4,4.1,1.0,0.5311,High
CELL-00653,Maharashtra,20.062234,79.34468,0.0981,0.0791,0.1606,0.3942,0.1836,0.3016,0.4211,0.6086,0.4657,-0.2433,213.9,29.3,7.6,0.6932,0.59,Medium
CELL-00654,Maharashtra,20.915812,80.723672,0.0672,0.0731,0.1101,0.2596,0.1902,0.2581,0.4042,0.7369,0.7328,-0.1515,935.5,29.9,48.6,0.6102,0.5173,Medium
CELL-00655,Maharashtra,20.682775,80.031246,0.0819,0.1791,0.1512,0.4334,0.3472,0.3209,0.4827,1.082,0.8011,0.0394,995.9,16.1,12.6,0.8245,0.7031,High
CELL-00656,Maharashtra,21.07198,79.515173,0.0883,0.1761,0.1841,0.1566,0.198,0.1772,-0.0806,1.1177,1.2646,0.0556,496.6,27.9,26.2,1.0,0.8119,High
CELL-00657,Goa,16.317784,72.896635,0.1128,0.0953,0.073,0.1175,0.2359,0.1566,0.2334,1.5062,2.0077,0.202,376.7,24.3,38.5,0.9022,0.6434,High
CELL-00658,Goa,14.86554,73.239434,0.0212,0.0653,0.0448,0.3143,0.1333,0.2086,0.7505,0.639,0.4242,-0.2202,749.1,10.4,1.8,0.5975,0.7741,Medium
CELL-00659,Goa,16.288901,73.795198,0.0789,0.1069,0.1483,0.1957,0.1189,0.2168,0.1377,0.5484,0.6075,-0.2916,459.7,15.5,32.3,0.8929,0.6515,High
CELL-00660,Goa,15.5326,74.719389,0.1118,0.1101,0.1422,0.4057,0.2183,0.1738,0.481,1.256,0.5381,0.1135,940.7,20.4,3.6,0.872,0.7701,High
CELL-00661,Goa,16.759333,72.662403,0.0976,0.0942,0.0795,0.1316,0.26,0.1937,0.2468,1.3425,1.9759,0.1462,215.0,21.4,36.9,0.7691,0.5328,High
CELL-00662,Goa,15.128412,75.359218,0.1325,0.0745,0.0487,0.2524,0.2086,0.2227,0.6767,0.9367,0.8265,-0.0327,741.7,26.2,25.5,0.5391,0.5677,Medium
CELL-00663,Goa,14.03974,74.615339,0.1305,0.0951,0.1871,0.3066,0.2816,0.3036,0.242,0.9275,0.9185,-0.0376,426.5,12.4,45.3,0.5419,0.6975,Medium
CELL-00664,Goa,16.872404,73.916843,0.092,0.1095,0.0779,0.1263,0.3666,0.2908,0.2368,1.2607,2.9037,0.1153,253.5,27.2,31.3,0.9166,0.5231,High
CELL-00665,Goa,16.479186,74.600565,0.0912,0.1214,0.0364,0.2659,0.142,0.1125,0.7592,1.2619,0.534,0.1158,827.4,31.9,20.2,0.6187,0.499,Medium
CELL-00666,Goa,16.513561,74.744956,0.1329,0.1105,0.1553,0.149,0.1914,0.1669,-0.0207,1.1473,1.2847,0.0686,662.4,32.5,43.7,0.7078,0.5785,High
CELL-00667,Goa,14.972922,73.372232,0.0999,0.1654,0.1932,0.3288,0.3482,0.2076,0.2597,1.6776,1.0592,0.2531,329.2,18.4,27.8,0.863,0.7578,High
CELL-00668,Goa,15.004931,73.592082,0.1447,0.0966,0.1559,0.3628,0.165,0.2216,0.3988,0.7446,0.4547,-0.1464,1083.7,16.6,47.3,0.6888,0.8313,Medium
CELL-00669,Goa,15.047094,75.303674,0.0762,0.1108,0.1003,0.2977,0.2306,0.0644,0.496,3.5807,0.7745,0.5634,1070.3,15.6,29.4,0.9902,0.4957,High
CELL-00670,Goa,14.197584,75.226662,0.048,0.0607,0.0527,0.1049,0.327,0.3125,0.3314,1.0463,3.1172,0.0226,775.6,6.6,14.3,1.0,0.5391,High
CELL-00671,Goa,14.642054,74.694938,0.0771,0.0747,0.1021,0.1249,0.3356,0.123,0.1007,2.7285,2.6863,0.4636,898.0,2.4,47.8,1.0,0.6286,High
CELL-00672,Goa,16.32842,75.40358,0.0821,0.1391,0.0867,0.1645,0.2218,0.0997,0.3096,2.224,1.348,0.3796,1180.2,3.4,29.5,0.8918,0.7685,High
CELL-00673,Goa,15.886558,72.848542,0.0922,0.0731,0.1892,0.3667,0.3912,0.0613,0.3193,6.3853,1.0668,0.7292,413.6,6.8,0.6,1.0,0.5003,High
CELL-00674,Goa,14.593267,74.02701,0.1354,0.1341,0.091,0.2304,0.2258,0.1031,0.4335,2.1902,0.9803,0.3731,797.4,12.7,42.6,0.9565,0.8191,High
CELL-00675,Goa,14.992607,73.129795,0.1209,0.103,0.0605,0.1683,0.1329,0.2831,0.4715,0.4695,0.7898,-0.361,351.9,18.4,22.6,0.7839,0.6769,High
CELL-00676,Goa,16.503242,73.853228,0.022,0.094,0.1291,0.2952,0.2884,0.0962,0.3914,2.9975,0.977,0.4997,811.2,6.4,37.5,1.0,0.5359,High
CELL-00677,Goa,14.043597,73.72358,0.1117,0.064,0.1632,0.3208,0.268,0.1561,0.3257,1.7174,0.8355,0.264,630.7,20.9,23.6,0.6854,0.7695,Medium
CELL-00678,Goa,14.50682,73.141801,0.0208,0.0751,0.1548,0.378,0.1448,0.3377,0.4189,0.4287,0.3831,-0.3998,652.6,32.1,35.3,0.4705,0.6374,Medium
CELL-00679,Goa,14.559973,72.526444,0.1131,0.0817,0.1616,0.2186,0.3422,0.0892,0.15,3.8358,1.5652,0.5864,290.7,11.9,20.4,1.0,0.4753,High
CELL-00680,Goa,14.190854,73.553651,0.1288,0.04,0.1896,0.4452,0.1083,0.1374,0.4026,0.7886,0.2433,-0.1182,509.6,27.2,29.8,0.5857,0.6777,Medium
CELL-00681,Goa,14.253937,74.999628,0.1117,0.1166,0.1802,0.3451,0.1445,0.1789,0.314,0.8079,0.4188,-0.1063,643.4,1.9,47.7,0.4885,0.4985,Medium
CELL-00682,Goa,15.418693,72.576897,0.1402,0.1578,0.1144,0.1801,0.1189,0.159,0.2233,0.7478,0.6602,-0.1443,381.0,17.7,48.3,0.5943,0.6046,Medium
CELL-00683,Goa,15.852637,73.92574,0.1311,0.1007,0.1764,0.2021,0.1212,0.3066,0.0679,0.3954,0.5999,-0.4333,746.2,31.1,46.9,0.7647,0.6638,High
CELL-00684,Goa,15.024894,74.377575,0.1232,0.0721,0.1202,0.3481,0.123,0.2942,0.4865,0.4181,0.3534,-0.4103,766.7,33.2,17.0,0.7209,0.6215,High
CELL-00685,Goa,14.157432,75.40858,0.025,0.143,0.1145,0.229,0.1011,0.2367,0.3333,0.4271,0.4413,-0.4015,743.7,9.8,45.5,0.3332,0.3339,Low
CELL-00686,Goa,15.531287,72.800696,0.1412,0.0862,0.0345,0.2356,0.2721,0.2041,0.7442,1.333,1.155,0.1427,864.0,1.9,14.2,0.7421,0.7238,High
CELL-00687,Goa,15.736627,72.958661,0.0286,0.0624,0.043,0.2093,0.2446,0.2266,0.6591,1.0793,1.1684,0.0381,968.9,23.0,30.4,0.6415,0.3864,Medium
CELL-00688,Goa,15.143562,75.026498,0.0499,0.0309,0.1372,0.1709,0.3648,0.3077,0.1091,1.1856,2.1353,0.0849,184.4,3.7,24.8,0.9281,0.7139,High
CELL-00689,Goa,16.050393,74.284748,0.0622,0.0338,0.155,0.1752,0.347,0.1761,0.061,1.9708,1.9812,0.3268,734.8,30.6,43.2,1.0,0.6392,High
CELL-00690,Goa,16.225438,73.799241,0.045,0.1657,0.0557,0.109,0.0865,0.2367,0.3241,0.3654,0.7932,-0.4648,827.8,10.9,16.0,0.8923,0.559,High
CELL-00691,Goa,14.074401,75.287349,0.0489,0.18,0.0509,0.37,0.1515,0.0743,0.7583,2.0402,0.4094,0.3421,1062.4,30.1,20.2,0.5485,0.702,Medium
CELL-00692,Goa,16.458868,73.445168,0.0881,0.1028,0.0837,0.412,0.1331,0.0949,0.6623,1.403,0.323,0.1677,734.6,23.0,9.7,0.6648,0.6069,Medium
CELL-00693,Goa,14.639852,74.505082,0.1162,0.0972,0.1888,0.3578,0.2265,0.2208,0.3093,1.026,0.6331,0.0128,861.9,20.7,43.9,0.5356,0.5651,Medium
CELL-00694,Goa,14.541517,72.613349,0.0256,0.1605,0.1421,0.3312,0.2767,0.3048,0.3995,0.9079,0.8354,-0.0483,628.3,30.5,18.0,0.5666,0.5999,Medium
CELL-00695,Goa,14.671531,74.192255,0.0893,0.0507,0.1264,0.2102,0.0968,0.3346,0.2488,0.2892,0.4603,-0.5514,805.6,30.7,33.8,0.6986,0.4645,Medium
CELL-00696,Goa,15.92724,75.380757,0.053,0.1612,0.1863,0.3346,0.378,0.1694,0.2847,2.2319,1.1296,0.3812,1148.3,24.6,2.1,0.8999,0.6689,High
CELL-00697,Goa,15.280981,74.1994,0.0394,0.1004,0.1696,0.1054,0.1673,0.0507,-0.2334,3.2981,1.5873,0.5347,557.3,25.5,39.9,1.0,0.8226,High
CELL-00698,Goa,14.663881,75.272444,0.1208,0.1162,0.1452,0.4235,0.308,0.1605,0.4893,1.9186,0.7272,0.3148,884.3,1.4,19.3,0.6402,0.5467,Medium
CELL-00699,Goa,13.969256,72.900144,0.1051,0.1503,0.1979,0.2212,0.2718,0.3311,0.0557,0.8208,1.2286,-0.0984,283.7,25.1,37.7,0.5934,0.3193,Medium
CELL-00700,Goa,15.497043,73.303,0.1385,0.0852,0.0282,0.2051,0.25,0.1725,0.7582,1.4493,1.2188,0.1834,401.2,4.6,41.0,0.9654,0.5462,High
CELL-00701,Goa,16.055324,73.676089,0.1376,0.114,0.1011,0.3263,0.3849,0.2884,0.5271,1.3348,1.1795,0.1434,144.0,11.6,23.5,0.9832,0.5846,High
CELL-00702,Goa,16.378807,74.694035,0.1486,0.0709,0.1775,0.3683,0.1959,0.2702,0.3496,0.7249,0.5319,-0.1595,214.5,27.6,26.6,0.6588,0.4905,Medium
CELL-00703,Goa,15.82486,73.128459,0.024,0.095,0.1225,0.4068,0.377,0.2086,0.5371,1.8071,0.9268,0.2875,929.2,15.4,37.3,0.7599,0.533,High
CELL-00704,Goa,15.802684,72.554474,0.1139,0.1553,0.0918,0.2568,0.3524,0.2827,0.4731,1.2466,1.3724,0.1098,417.0,11.3,33.9,0.6052,0.5974,Medium
CELL-00705,Goa,14.82979,75.19995,0.1095,0.1779,0.1581,0.4297,0.1492,0.2814,0.4621,0.5301,0.3472,-0.3071,122.2,23.5,23.5,0.5853,0.5626,Medium
CELL-00706,Goa,16.462803,72.566905,0.0992,0.0852,0.0948,0.3912,0.1791,0.3329,0.6098,0.5381,0.4579,-0.3003,297.6,23.2,33.6,0.3037,0.417,Low
CELL-00707,Goa,16.404395,74.785416,0.0628,0.1101,0.0311,0.1731,0.2355,0.0758,0.6953,3.1067,1.3606,0.513,1027.7,25.1,47.2,0.938,0.6246,High
CELL-00708,Goa,15.563538,74.300656,0.147,0.1263,0.0255,0.3533,0.3697,0.2887,0.8652,1.2809,1.0465,0.1231,742.2,23.5,49.5,0.8296,0.6838,High
CELL-00709,Goa,14.750193,74.420271,0.099,0.053,0.0572,0.3176,0.121,0.1296,0.6947,0.9342,0.3811,-0.034,1018.8,11.4,24.4,0.7583,0.5274,High
CELL-00710,Goa,16.166017,75.20496,0.139,0.1465,0.0611,0.1087,0.2028,0.0925,0.2803,2.1934,1.866,0.3737,881.4,23.1,2.2,1.0,0.6527,High
CELL-00711,Goa,15.196681,74.503801,0.0758,0.0962,0.0318,0.2405,0.3248,0.3246,0.7664,1.0006,1.3503,0.0003,554.8,14.8,35.1,0.9542,0.6904,High
CELL-00712,Goa,15.729081,72.831759,0.1016,0.058,0.1118,0.2852,0.3604,0.1887,0.4366,1.9093,1.2637,0.3126,407.4,8.1,43.7,0.8069,0.4955,High
CELL-00713,Goa,14.461519,74.819912,0.0817,0.0827,0.085,0.3983,0.2572,0.2654,0.6482,0.9693,0.6458,-0.0156,1086.7,31.6,16.4,0.6414,0.5873,Medium
CELL-00714,Goa,14.723911,73.319244,0.0593,0.1218,0.0989,0.3544,0.3664,0.2523,0.5636,1.4524,1.0339,0.1845,324.9,32.6,13.2,0.7408,0.6721,High
CELL-00715,Goa,14.316328,73.400091,0.0566,0.1206,0.167,0.3665,0.164,0.1236,0.3739,1.3269,0.4475,0.1405,1162.4,0.3,44.0,0.5361,0.4192,Medium
CELL-00716,Goa,16.021362,74.263007,0.0613,0.1131,0.1515,0.1148,0.0836,0.1874,-0.1378,0.446,0.728,-0.3832,245.0,23.3,10.7,0.7762,0.6688,High
CELL-00717,Goa,15.545451,72.84816,0.023,0.0377,0.1918,0.1498,0.3067,0.0704,-0.1229,4.3581,2.0475,0.6267,219.0,17.8,23.2,1.0,0.7611,High
CELL-00718,Goa,15.264881,73.568536,0.1431,0.1204,0.1242,0.1812,0.0949,0.3336,0.1864,0.2846,0.5241,-0.5569,445.1,15.5,5.7,0.8706,0.7507,High
CELL-00719,Goa,16.559692,74.689318,0.0414,0.1149,0.0763,0.1624,0.3549,0.1711,0.3608,2.075,2.1858,0.3496,538.4,5.9,19.2,1.0,0.6883,High
CELL-00720,Goa,16.754811,75.338927,0.0388,0.0566,0.1753,0.2375,0.0814,0.1322,0.1507,0.6159,0.3428,-0.2377,757.4,28.0,6.7,0.4997,0.6636,Medium
CELL-00721,Goa,16.20756,73.786563,0.1186,0.0858,0.0639,0.3552,0.2143,0.3444,0.6949,0.6222,0.6034,-0.2329,484.4,32.3,46.6,0.6277,0.611,Medium
CELL-00722,Goa,15.199224,75.252574,0.0785,0.1416,0.1041,0.1797,0.1438,0.1776,0.2667,0.8095,0.8,-0.1053,931.0,21.2,34.4,0.6037,0.4284,Medium
CELL-00723,Goa,14.033186,74.952597,0.1487,0.091,0.022,0.1594,0.2888,0.2336,0.7577,1.2362,1.8115,0.1056,966.7,8.9,38.2,0.6052,0.6684,Medium
CELL-00724,Goa,15.536464,72.941821,0.0788,0.1622,0.0958,0.3938,0.2689,0.1076,0.6087,2.4998,0.6827,0.4285,739.2,17.7,19.9,0.8406,0.5423,High
CELL-00725,Goa,14.118287,72.796307,0.0741,0.0758,0.1866,0.2315,0.3225,0.2091,0.1074,1.5426,1.3932,0.2134,874.5,9.1,47.1,0.8066,0.5478,High
CELL-00726,Goa,14.995137,72.800634,0.1076,0.0312,0.1056,0.1675,0.2808,0.3438,0.2268,0.8166,1.6764,-0.101,610.8,28.6,25.4,0.8765,0.6094,High
CELL-00727,Goa,16.569898,74.857401,0.0585,0.1118,0.0603,0.2554,0.2349,0.2995,0.6179,0.7845,0.92,-0.1208,1085.6,14.5,0.9,0.6344,0.6067,Medium
CELL-00728,Goa,15.765646,72.574913,0.0719,0.1779,0.0381,0.2483,0.1783,0.3215,0.7338,0.5545,0.7181,-0.2866,1056.3,8.3,4.1,0.4715,0.6945,Medium
CELL-00729,Goa,15.916253,72.596359,0.0373,0.133,0.0582,0.4002,0.0987,0.1146,0.7459,0.8613,0.2468,-0.0745,1198.4,15.2,35.1,0.4168,0.4564,Low
CELL-00730,Goa,16.078318,73.44343,0.1278,0.1205,0.09,0.2952,0.2646,0.0997,0.5325,2.6546,0.8963,0.4528,543.0,12.0,20.0,0.9775,0.829,High
CELL-00731,Goa,16.720948,73.381029,0.074,0.148,0.1183,0.2915,0.0971,0.1696,0.4226,0.5724,0.333,-0.2719,397.8,35.0,15.4,0.5176,0.6556,Medium
CELL-00732,Goa,14.922749,74.130603,0.1293,0.1625,0.0489,0.2189,0.1873,0.0626,0.6349,2.9909,0.8557,0.4989,758.1,29.9,19.1,1.0,0.8636,High
CELL-00733,Goa,15.026946,72.923179,0.1122,0.1582,0.1435,0.1063,0.1492,0.0708,-0.149,2.106,1.4041,0.3561,727.4,26.5,5.5,1.0,0.7503,High
CELL-00734,Goa,15.969907,75.414206,0.0309,0.1652,0.0427,0.2375,0.3525,0.3219,0.6953,1.095,1.4838,0.0454,657.0,20.8,35.4,0.635,0.709,Medium
CELL-00735,Goa,15.25187,73.771699,0.0862,0.1718,0.1187,0.4336,0.1377,0.2672,0.5702,0.5152,0.3175,-0.3199,993.5,23.8,30.3,0.8221,0.7789,High
CELL-00736,Goa,16.36494,72.866866,0.1303,0.0921,0.0657,0.4044,0.2182,0.2925,0.7206,0.7461,0.5397,-0.1454,389.7,0.1,24.8,0.5196,0.5376,Medium
CELL-00737,Andhra Pradesh,17.828225,83.330937,0.0313,0.073,0.1607,0.1531,0.2871,0.3252,-0.0243,0.8827,1.8757,-0.0623,847.8,28.4,5.4,1.0,0.668,High
CELL-00738,Andhra Pradesh,19.145317,83.918661,0.1063,0.0921,0.028,0.3746,0.2972,0.1918,0.8608,1.5491,0.7934,0.2154,1089.7,11.8,14.7,0.8353,0.7188,High
CELL-00739,Andhra Pradesh,18.544939,82.392204,0.048,0.1284,0.0893,0.3928,0.384,0.2917,0.6295,1.3164,0.9776,0.1366,515.3,27.6,17.6,0.7984,0.6109,High
CELL-00740,Andhra Pradesh,17.71696,82.619539,0.1461,0.0338,0.1614,0.2125,0.092,0.3253,0.1365,0.2828,0.433,-0.5591,253.6,19.3,13.7,0.6579,0.7843,Medium
CELL-00741,Andhra Pradesh,18.028676,83.255107,0.1408,0.1666,0.1488,0.4096,0.1823,0.1643,0.467,1.1093,0.445,0.0518,775.1,21.8,24.1,0.7651,0.7168,High
CELL-00742,Andhra Pradesh,19.463371,83.304941,0.1145,0.0704,0.038,0.2234,0.209,0.055,0.709,3.8018,0.9355,0.5835,996.3,12.6,29.0,1.0,0.7412,High
CELL-00743,Andhra Pradesh,19.850852,84.99625,0.0683,0.0748,0.1745,0.4495,0.2815,0.2885,0.4407,0.9755,0.6262,-0.0124,959.9,12.4,28.7,0.4454,0.5901,Low
CELL-00744,Andhra Pradesh,17.063491,83.010117,0.0388,0.0649,0.183,0.1129,0.1503,0.1429,-0.2368,1.0523,1.3314,0.0255,778.6,18.7,10.9,0.7827,0.5096,High
CELL-00745,Andhra Pradesh,18.507589,82.813533,0.1432,0.0996,0.0306,0.3552,0.1852,0.246,0.8415,0.7528,0.5214,-0.141,407.6,20.0,38.6,0.5975,0.7217,Medium
CELL-00746,Andhra Pradesh,18.004571,83.392799,0.1405,0.1652,0.0362,0.1462,0.2386,0.082,0.6032,2.9098,1.632,0.4885,480.1,5.2,31.8,1.0,0.5564,High
CELL-00747,Andhra Pradesh,19.568803,82.352386,0.1096,0.0913,0.0571,0.241,0.1043,0.2586,0.6168,0.4033,0.4329,-0.4252,378.0,10.9,6.1,0.5208,0.6771,Medium
CELL-00748,Andhra Pradesh,18.716441,83.708298,0.0734,0.0589,0.1541,0.1445,0.1132,0.263,-0.0323,0.4305,0.7838,-0.3981,329.7,10.7,23.8,1.0,0.7115,High
CELL-00749,Andhra Pradesh,18.870295,83.933188,0.1128,0.0739,0.078,0.2533,0.1784,0.3455,0.529,0.5163,0.7043,-0.319,995.5,5.8,0.3,0.8664,0.6137,High
CELL-00750,Andhra Pradesh,19.573986,84.210251,0.048,0.0899,0.1114,0.3836,0.3485,0.3229,0.5498,1.0793,0.9086,0.0381,660.2,24.3,5.6,0.5642,0.6476,Medium
CELL-00751,Andhra Pradesh,18.295151,83.902152,0.0534,0.0378,0.0218,0.1078,0.0827,0.0831,0.6629,0.9948,0.7672,-0.0026,363.4,7.7,49.3,0.6727,0.6937,Medium
CELL-00752,Andhra Pradesh,18.636688,84.573872,0.1081,0.0744,0.1211,0.3502,0.313,0.25,0.4861,1.2522,0.8938,0.112,1057.9,30.5,28.9,0.8507,0.5423,High
CELL-00753,Andhra Pradesh,19.454636,82.016956,0.149,0.0574,0.1046,0.4052,0.152,0.193,0.5895,0.7875,0.3751,-0.1189,245.8,13.8,8.9,0.3377,0.3897,Low
CELL-00754,Andhra Pradesh,19.979512,84.984439,0.0349,0.1389,0.0293,0.1106,0.1137,0.3396,0.5809,0.3348,1.0284,-0.4984,1134.9,6.8,8.1,0.5506,0.3385,Medium
CELL-00755,Andhra Pradesh,18.709114,82.66478,0.1184,0.0764,0.186,0.3299,0.2196,0.287,0.2789,0.7653,0.6658,-0.1329,999.7,10.2,17.0,0.7525,0.6135,High
CELL-00756,Andhra Pradesh,19.40363,84.315004,0.1395,0.11,0.038,0.306,0.3291,0.078,0.779,4.2191,1.0753,0.6168,289.9,0.4,29.7,1.0,0.6924,High
CELL-00757,Andhra Pradesh,19.94612,82.189101,0.1374,0.1521,0.0766,0.4407,0.1721,0.3168,0.704,0.5434,0.3906,-0.2959,1068.8,26.5,28.2,0.3178,0.4035,Low
CELL-00758,Andhra Pradesh,18.070389,84.376651,0.1186,0.1666,0.0227,0.3832,0.3803,0.2868,0.8883,1.3261,0.9925,0.1402,243.2,2.8,1.0,0.9316,0.7949,High
CELL-00759,Andhra Pradesh,19.960741,83.19413,0.0631,0.1237,0.1686,0.4279,0.337,0.178,0.4347,1.8932,0.7876,0.3087,798.4,30.0,24.5,0.6432,0.5276,Medium
CELL-00760,Andhra Pradesh,17.000473,84.154714,0.0344,0.0666,0.0736,0.2961,0.2073,0.2524,0.6018,0.8215,0.7002,-0.098,161.2,4.3,25.0,0.4058,0.454,Low
CELL-00761,Andhra Pradesh,17.201084,84.687158,0.1099,0.0482,0.0317,0.4412,0.298,0.1752,0.8659,1.7004,0.6754,0.2594,871.9,26.5,39.0,0.2581,0.4527,Low
CELL-00762,Andhra Pradesh,17.033084,84.779671,0.0984,0.0605,0.1855,0.4202,0.3965,0.3122,0.3874,1.2701,0.9436,0.119,1197.6,8.6,42.1,0.4576,0.572,Medium
CELL-00763,Andhra Pradesh,17.295313,84.938262,0.0585,0.1606,0.0207,0.1074,0.2291,0.1216,0.6761,1.8836,2.1338,0.3064,858.8,19.8,3.9,0.8713,0.4077,High
CELL-00764,Andhra Pradesh,17.556812,84.376667,0.0741,0.044,0.1072,0.1318,0.1213,0.1219,0.103,0.9949,0.9201,-0.0026,1045.5,32.4,41.3,0.5284,0.5176,Medium
CELL-00765,Andhra Pradesh,18.647467,84.165559,0.1491,0.0497,0.0289,0.343,0.3463,0.3039,0.8447,1.1395,1.0096,0.0652,846.3,33.4,25.6,0.717,0.7825,High
CELL-00766,Andhra Pradesh,17.588647,83.64436,0.0789,0.1617,0.038,0.1902,0.3206,0.0785,0.6669,4.084,1.6854,0.6066,452.8,13.6,31.1,1.0,0.6507,High
CELL-00767,Andhra Pradesh,18.342627,84.751065,0.0808,0.0713,0.0455,0.1013,0.2503,0.0821,0.3799,3.0469,2.4705,0.5058,530.9,20.6,13.8,1.0,0.5495,High
CELL-00768,Andhra Pradesh,19.840374,82.301321,0.0402,0.174,0.0268,0.4422,0.0815,0.3121,0.8857,0.2611,0.1843,-0.5859,438.1,32.9,15.8,0.2739,0.5533,Low
CELL-00769,Andhra Pradesh,17.726989,84.321038,0.0887,0.1692,0.0972,0.4044,0.2237,0.3438,0.6125,0.6506,0.553,-0.2117,1155.8,11.5,44.3,0.5018,0.6795,Medium
CELL-00770,Andhra Pradesh,18.872871,82.218047,0.1288,0.0562,0.0327,0.2401,0.2646,0.3065,0.7599,0.8634,1.1022,-0.0733,1171.7,15.4,3.0,0.722,0.7574,High
CELL-00771,Andhra Pradesh,18.343674,82.927807,0.0853,0.0808,0.1563,0.2904,0.3606,0.2131,0.3003,1.6924,1.2419,0.2572,362.1,29.8,27.9,1.0,0.5871,High
CELL-00772,Andhra Pradesh,18.07315,84.533217,0.0789,0.139,0.0372,0.2386,0.3946,0.2925,0.7303,1.349,1.6539,0.1486,275.9,9.7,16.5,0.985,0.705,High
CELL-00773,Andhra Pradesh,19.24858,83.529622,0.1254,0.0956,0.0423,0.2976,0.3847,0.2879,0.7511,1.3364,1.293,0.144,736.6,22.6,46.5,0.6444,0.6092,Medium
CELL-00774,Andhra Pradesh,19.931725,84.590329,0.062,0.0996,0.0947,0.1522,0.3865,0.1713,0.2328,2.2564,2.5397,0.3858,1062.9,6.6,27.4,1.0,0.6491,High
CELL-00775,Andhra Pradesh,17.155163,82.633115,0.0297,0.0733,0.1329,0.2982,0.2759,0.2148,0.3833,1.2845,0.9253,0.1246,400.3,8.6,6.9,0.72,0.665,High
CELL-00776,Andhra Pradesh,17.559533,82.531628,0.1335,0.1414,0.1387,0.2424,0.1638,0.3438,0.2721,0.4765,0.6759,-0.3546,977.0,10.6,42.4,0.5016,0.6994,Medium
CELL-00777,Andhra Pradesh,18.279659,82.55786,0.0344,0.1384,0.0682,0.387,0.3986,0.073,0.7005,5.4613,1.0299,0.6905,620.3,28.1,39.4,1.0,0.7782,High
CELL-00778,Andhra Pradesh,18.36156,83.784905,0.1466,0.0791,0.1862,0.1943,0.3965,0.2511,0.0213,1.5792,2.0409,0.2246,609.9,21.5,13.6,1.0,0.7189,High
CELL-00779,Andhra Pradesh,17.342151,83.043015,0.1192,0.1212,0.0385,0.3983,0.2724,0.3383,0.8239,0.8054,0.684,-0.1078,837.2,6.1,23.7,0.5529,0.6196,Medium
CELL-00780,Andhra Pradesh,17.044731,82.388209,0.0527,0.0944,0.1077,0.1483,0.2955,0.2288,0.1584,1.2912,1.9924,0.1271,423.9,0.5,3.9,0.8162,0.4914,High
CELL-00781,Andhra Pradesh,18.130459,83.884548,0.0911,0.0647,0.0819,0.3149,0.3555,0.276,0.5873,1.2881,1.1288,0.1259,708.7,12.7,18.3,0.9162,0.7263,High
CELL-00782,Andhra Pradesh,18.816588,83.454334,0.0338,0.0717,0.1803,0.2925,0.2123,0.0718,0.2374,2.9565,0.7258,0.4945,885.5,24.6,30.7,0.898,0.7954,High
CELL-00783,Andhra Pradesh,18.779813,82.700186,0.1424,0.1183,0.076,0.2574,0.3378,0.0985,0.544,3.4302,1.3125,0.5485,422.1,23.8,15.8,1.0,0.7031,High
CELL-00784,Andhra Pradesh,19.288059,82.205055,0.0216,0.1647,0.1246,0.2231,0.1544,0.2351,0.2832,0.657,0.6921,-0.207,659.9,34.7,49.2,0.3976,0.7766,Low
CELL-00785,Andhra Pradesh,18.473423,84.047437,0.0332,0.0793,0.0335,0.1257,0.1427,0.1956,0.5786,0.7295,1.1352,-0.1564,963.3,17.0,16.8,0.883,0.6353,High
CELL-00786,Andhra Pradesh,17.813806,83.844803,0.147,0.0467,0.0582,0.2656,0.39,0.2815,0.6406,1.3851,1.4683,0.1614,1088.1,11.7,49.6,0.9427,0.7525,High
CELL-00787,Andhra Pradesh,19.328418,83.605221,0.1237,0.1194,0.0766,0.2964,0.2507,0.297,0.5892,0.8441,0.8459,-0.0846,1179.9,14.4,38.2,0.699,0.6477,Medium
CELL-00788,Andhra Pradesh,18.114251,82.11817,0.0672,0.1216,0.0415,0.4234,0.1049,0.329,0.8216,0.3187,0.2476,-0.5166,877.9,11.5,19.5,0.5019,0.7333,Medium
CELL-00789,Andhra Pradesh,19.014929,83.167494,0.0834,0.1785,0.0585,0.2462,0.1734,0.2795,0.616,0.6203,0.7041,-0.2344,940.4,10.2,4.1,0.8129,0.6862,High
CELL-00790,Andhra Pradesh,18.231013,84.96517,0.0811,0.0685,0.1804,0.2719,0.2717,0.0787,0.2022,3.4528,0.9995,0.5508,521.2,33.0,29.5,1.0,0.4276,High
CELL-00791,Andhra Pradesh,19.731233,82.821972,0.0857,0.1738,0.051,0.3519,0.2766,0.2539,0.7467,1.0895,0.7862,0.0428,486.3,11.0,34.2,0.5094,0.4496,Medium
CELL-00792,Andhra Pradesh,17.564524,82.024915,0.1461,0.0948,0.1945,0.1491,0.268,0.1103,-0.132,2.4295,1.797,0.4168,969.1,27.4,5.6,1.0,0.5404,High
CELL-00793,Andhra Pradesh,19.64719,84.869692,0.0645,0.0458,0.0539,0.2752,0.3338,0.095,0.6724,3.5123,1.2132,0.5568,825.7,11.3,17.1,0.8789,0.7382,High
CELL-00794,Andhra Pradesh,19.4361,82.467756,0.1227,0.0396,0.0549,0.3297,0.3536,0.1258,0.7143,2.8105,1.0726,0.4751,459.9,18.8,10.6,0.9485,0.6561,High
CELL-00795,Andhra Pradesh,17.435875,83.391489,0.1207,0.0806,0.134,0.1176,0.2748,0.0958,-0.0651,2.8684,2.3371,0.483,1013.6,12.4,14.1,1.0,0.5089,High
CELL-00796,Andhra Pradesh,17.854401,84.735263,0.1176,0.0396,0.1486,0.2846,0.3683,0.1439,0.3137,2.5596,1.2942,0.4381,731.6,17.5,24.5,0.8226,0.5697,High
CELL-00797,Andhra Pradesh,19.26713,83.354008,0.1446,0.0691,0.1429,0.4293,0.2923,0.3114,0.5005,0.9387,0.681,-0.0316,1010.2,12.6,30.0,0.7165,0.562,High
CELL-00798,Andhra Pradesh,17.691266,84.23121,0.0886,0.0917,0.0684,0.4495,0.1029,0.0631,0.7359,1.6323,0.229,0.2402,339.0,34.0,49.0,0.5825,0.67,Medium
CELL-00799,Andhra Pradesh,17.641885,84.916126,0.0386,0.0452,0.0402,0.3006,0.3299,0.16,0.7641,2.0619,1.0975,0.3468,1175.7,15.2,7.5,0.9128,0.5141,High
CELL-00800,Andhra Pradesh,19.496677,83.376305,0.0972,0.0701,0.1363,0.4451,0.0957,0.316,0.5312,0.3029,0.215,-0.5351,718.5,8.8,47.7,0.3512,0.6289,Low
CELL-00801,Andhra Pradesh,17.544493,82.733357,0.1283,0.1222,0.1844,0.1812,0.1188,0.0518,-0.0087,2.2916,0.6555,0.3924,658.6,34.9,34.7,0.8684,0.5791,High
CELL-00802,Andhra Pradesh,19.345167,82.046245,0.1262,0.0751,0.0469,0.1792,0.2299,0.1775,0.5849,1.2958,1.2831,0.1288,417.8,6.0,38.1,0.5429,0.4663,Medium
CELL-00803,Andhra Pradesh,17.652998,82.410085,0.0917,0.1208,0.147,0.3381,0.1735,0.1491,0.3939,1.164,0.5133,0.0758,849.7,12.2,10.6,0.5137,0.5149,Medium
CELL-00804,Andhra Pradesh,17.264938,84.490417,0.1309,0.063,0.0317,0.3586,0.1477,0.168,0.8377,0.8789,0.4119,-0.0644,170.5,7.9,39.6,0.3327,0.6217,Low
CELL-00805,Andhra Pradesh,18.007742,82.402715,0.0296,0.1788,0.138,0.2897,0.325,0.302,0.3547,1.0759,1.1216,0.0366,987.4,0.6,9.3,0.7085,0.7695,High
CELL-00806,Andhra Pradesh,19.947448,83.996214,0.1444,0.0602,0.1755,0.2125,0.3967,0.0973,0.0953,4.0764,1.8669,0.606,668.0,27.7,21.6,1.0,0.5684,High
CELL-00807,Andhra Pradesh,18.275924,83.812216,0.0271,0.1563,0.1367,0.2414,0.0852,0.2275,0.277,0.3744,0.3528,-0.4552,113.9,0.0,30.8,0.7551,0.6906,High
CELL-00808,Andhra Pradesh,18.959815,82.161092,0.0607,0.0524,0.1244,0.3316,0.3108,0.1266,0.4543,2.4553,0.9371,0.4212,198.2,2.8,21.3,0.8207,0.5606,High
CELL-00809,Andhra Pradesh,18.816711,84.039619,0.1036,0.1592,0.1076,0.1471,0.1726,0.2487,0.1551,0.694,1.1737,-0.1807,774.4,18.6,34.1,0.9415,0.7372,High
CELL-00810,Andhra Pradesh,18.758049,84.335804,0.0523,0.1317,0.1824,0.235,0.3293,0.2674,0.126,1.2314,1.4013,0.1037,165.5,20.4,6.5,0.8452,0.7735,High
CELL-00811,Andhra Pradesh,17.104718,83.624925,0.0704,0.0452,0.1643,0.4203,0.3221,0.2967,0.4378,1.0855,0.7664,0.041,338.1,9.2,10.4,0.7079,0.6256,High
CELL-00812,Andhra Pradesh,18.916097,83.16298,0.0753,0.0413,0.0257,0.3434,0.2203,0.2157,0.8609,1.0215,0.6415,0.0106,713.4,9.7,23.8,0.5463,0.6583,Medium
CELL-00813,Andhra Pradesh,19.462026,83.353492,0.0985,0.1643,0.1759,0.4116,0.1664,0.0605,0.4012,2.7507,0.4042,0.4668,387.2,9.8,45.5,0.7703,0.6772,High
CELL-00814,Andhra Pradesh,17.406136,82.467028,0.102,0.1403,0.1747,0.4292,0.1445,0.1429,0.4214,1.0113,0.3368,0.0056,364.4,12.6,45.7,0.552,0.6244,Medium
CELL-00815,Andhra Pradesh,18.470358,82.086574,0.0283,0.1107,0.1494,0.1754,0.311,0.2932,0.08,1.0607,1.7735,0.0295,553.1,26.1,20.2,0.9408,0.6631,High
CELL-00816,Andhra Pradesh,19.97578,83.03619,0.0734,0.0548,0.0567,0.3427,0.3735,0.1684,0.7159,2.2179,1.0898,0.3785,297.8,10.0,22.8,0.6914,0.4909,Medium
CELL-00817,Rajasthan,26.207953,72.023535,0.0901,0.1491,0.0679,0.3112,0.294,0.2465,0.6416,1.1929,0.945,0.0879,590.4,12.1,41.8,0.4611,0.6665,Medium
CELL-00818,Rajasthan,24.309058,72.215423,0.0323,0.1174,0.0293,0.2179,0.321,0.1383,0.763,2.3211,1.4731,0.3978,939.6,26.1,12.3,0.8836,0.6224,High
CELL-00819,Rajasthan,25.192362,72.631261,0.0878,0.1682,0.1351,0.1605,0.2985,0.1782,0.0859,1.6754,1.8594,0.2524,750.7,25.7,25.7,1.0,0.7454,High
CELL-00820,Rajasthan,25.84522,72.452378,0.1287,0.1704,0.0447,0.2709,0.1628,0.2764,0.717,0.5893,0.6012,-0.2585,893.8,4.9,43.9,0.5864,0.5804,Medium
CELL-00821,Rajasthan,25.370941,72.984817,0.0406,0.0551,0.1391,0.2927,0.1191,0.0838,0.3555,1.4207,0.4069,0.1738,179.5,26.0,35.6,0.7768,0.6531,High
CELL-00822,Rajasthan,24.254028,74.711237,0.1379,0.1347,0.1867,0.384,0.3451,0.2209,0.3457,1.5623,0.8988,0.2195,436.7,7.6,16.4,0.5843,0.5827,Medium
CELL-00823,Rajasthan,24.775921,73.404183,0.0503,0.1183,0.1862,0.3618,0.2933,0.2248,0.3205,1.3044,0.8105,0.1321,636.7,6.5,44.7,0.7605,0.6692,High
CELL-00824,Rajasthan,26.250046,72.526847,0.0683,0.0342,0.0447,0.1606,0.0974,0.247,0.5648,0.3944,0.6065,-0.4343,1020.7,13.1,43.7,0.4816,0.5079,Medium
CELL-00825,Rajasthan,24.452211,73.861678,0.0746,0.122,0.1571,0.291,0.2808,0.3306,0.2988,0.8496,0.9651,-0.0813,429.0,12.6,35.9,0.5988,0.6743,Medium
CELL-00826,Rajasthan,25.128442,73.403514,0.0745,0.0567,0.1864,0.3668,0.234,0.254,0.3261,0.9213,0.638,-0.0409,1087.0,4.8,12.5,0.9991,0.7625,High
CELL-00827,Rajasthan,24.108765,74.952054,0.0791,0.0839,0.0727,0.161,0.3333,0.3366,0.378,0.9901,2.0699,-0.005,555.0,33.3,41.2,0.7988,0.4778,High
CELL-00828,Rajasthan,25.304953,73.67617,0.0275,0.1344,0.0295,0.386,0.344,0.1211,0.858,2.8399,0.8912,0.4792,456.0,16.8,29.8,1.0,0.5998,High
CELL-00829,Rajasthan,24.893361,72.166472,0.0203,0.0452,0.1626,0.4365,0.2166,0.2038,0.4572,1.0629,0.4963,0.0305,261.5,19.3,7.2,0.6278,0.5968,Medium
CELL-00830,Rajasthan,24.587096,74.293691,0.0231,0.0863,0.0399,0.2234,0.1355,0.162,0.6967,0.8367,0.6068,-0.0889,559.3,10.5,32.8,0.5336,0.6938,Medium
CELL-00831,Rajasthan,24.577029,72.812168,0.131,0.1157,0.1019,0.1524,0.2239,0.1335,0.1985,1.6767,1.4695,0.2528,1137.5,30.9,4.2,0.8518,0.6367,High
CELL-00832,Rajasthan,25.232331,74.630544,0.0886,0.0801,0.0574,0.3801,0.2798,0.1904,0.7375,1.4696,0.7362,0.1902,339.2,11.7,48.0,0.4128,0.6758,Low
CELL-00833,Rajasthan,25.564266,74.336966,0.0642,0.0568,0.1253,0.3328,0.3081,0.3146,0.453,0.9793,0.9256,-0.0105,508.3,2.6,47.9,0.8693,0.5686,High
CELL-00834,Rajasthan,25.998916,73.639541,0.0467,0.1433,0.1647,0.2935,0.2363,0.0842,0.2812,2.8075,0.8051,0.4747,192.3,11.9,15.5,1.0,0.934,High
CELL-00835,Rajasthan,24.502103,74.93537,0.0688,0.046,0.1089,0.4059,0.3639,0.0533,0.577,6.8293,0.8966,0.7446,1074.9,9.5,1.9,1.0,0.7259,High
CELL-00836,Rajasthan,26.439361,74.358929,0.1357,0.1129,0.1942,0.4487,0.1173,0.3049,0.3959,0.3847,0.2614,-0.4443,649.8,13.6,30.7,0.5193,0.5402,Medium
CELL-00837,Rajasthan,26.612672,72.640385,0.0754,0.1709,0.0971,0.2254,0.221,0.2058,0.3977,1.0735,0.9802,0.0355,795.2,28.0,22.6,0.651,0.7223,Medium
CELL-00838,Rajasthan,25.015442,73.973852,0.1133,0.1137,0.0302,0.1595,0.1713,0.1348,0.6816,1.2709,1.0742,0.1193,840.8,0.6,37.8,0.7524,0.5879,High
CELL-00839,Rajasthan,25.583729,72.647777,0.135,0.0428,0.1,0.3973,0.2771,0.1377,0.5979,2.0121,0.6974,0.336,562.8,24.7,48.7,0.7318,0.7472,High
CELL-00840,Rajasthan,26.994594,72.010514,0.0236,0.1536,0.0559,0.1213,0.1559,0.1778,0.3689,0.8766,1.2855,-0.0658,903.6,21.9,11.9,0.6463,0.5006,Medium
CELL-00841,Rajasthan,26.445023,72.969569,0.1477,0.1363,0.0312,0.1123,0.1339,0.2684,0.5647,0.4989,1.1922,-0.3343,302.1,17.9,4.7,0.775,0.699,High
CELL-00842,Rajasthan,26.724396,74.834627,0.0208,0.0996,0.0244,0.418,0.2459,0.0725,0.8895,3.3924,0.5882,0.5447,221.3,13.4,47.0,0.7032,0.5684,High
CELL-00843,Rajasthan,25.09937,72.129641,0.1467,0.0326,0.1906,0.229,0.0832,0.2567,0.0917,0.3242,0.3634,-0.5104,1178.6,33.8,8.0,0.6097,0.4575,Medium
CELL-00844,Rajasthan,25.911914,74.218254,0.0435,0.1739,0.135,0.3965,0.2528,0.1743,0.492,1.4506,0.6377,0.1839,1174.9,20.4,43.3,0.72,0.7072,High
CELL-00845,Rajasthan,25.646816,72.010533,0.0252,0.0601,0.0535,0.1892,0.1776,0.158,0.5592,1.1238,0.9387,0.0583,562.6,3.5,2.1,0.7237,0.7743,High
CELL-00846,Rajasthan,25.332433,73.90332,0.1276,0.0942,0.1354,0.4338,0.3487,0.1778,0.5242,1.9611,0.8039,0.3246,809.2,6.2,28.0,0.976,0.7731,High
CELL-00847,Rajasthan,26.782915,73.222005,0.1498,0.1169,0.0276,0.3054,0.1679,0.0597,0.8342,2.8097,0.5497,0.475,1002.9,9.7,39.8,0.654,0.5411,Medium
CELL-00848,Rajasthan,26.921807,73.084936,0.0982,0.1215,0.1209,0.4201,0.2958,0.1711,0.5531,1.7287,0.7041,0.2671,1048.6,6.3,27.2,0.6709,0.6276,Medium
CELL-00849,Rajasthan,26.450905,73.960682,0.1291,0.1717,0.0691,0.1594,0.2349,0.2606,0.395,0.9014,1.4737,-0.0518,349.9,0.1,17.1,0.7669,0.6011,High
CELL-00850,Rajasthan,25.068269,72.509518,0.0338,0.166,0.1996,0.1574,0.0974,0.1489,-0.118,0.6544,0.6189,-0.2089,607.8,7.2,15.1,0.8121,0.5706,High
CELL-00851,Rajasthan,26.137734,73.904855,0.0703,0.1664,0.1945,0.1608,0.1514,0.2077,-0.095,0.7288,0.9415,-0.1569,200.4,15.3,29.1,0.6865,0.7135,Medium
CELL-00852,Rajasthan,25.627337,74.876403,0.0468,0.1282,0.0278,0.1232,0.2566,0.0815,0.6318,3.149,2.0819,0.518,124.6,6.0,28.2,1.0,0.6572,High
CELL-00853,Rajasthan,26.004778,72.547429,0.0997,0.0918,0.1377,0.4483,0.3801,0.0513,0.5301,7.4116,0.8479,0.7622,1074.0,2.3,47.7,1.0,0.491,High
CELL-00854,Rajasthan,24.274915,72.336818,0.1145,0.1716,0.1299,0.3505,0.3238,0.1288,0.4591,2.5133,0.9238,0.4307,149.8,0.1,17.5,0.7931,0.5319,High
CELL-00855,Rajasthan,26.744635,72.420802,0.0899,0.119,0.1178,0.1347,0.182,0.0654,0.0667,2.7839,1.3516,0.4714,535.2,6.6,28.1,0.9794,0.7441,High
CELL-00856,Rajasthan,25.30271,73.162,0.1294,0.0629,0.1522,0.3651,0.2141,0.1392,0.4117,1.5385,0.5865,0.2121,617.6,3.3,2.3,0.9768,0.7334,High
CELL-00857,Rajasthan,25.51253,74.54741,0.0506,0.1703,0.1919,0.4356,0.348,0.1591,0.3884,2.1868,0.7989,0.3724,180.0,19.9,27.9,0.679,0.6543,Medium
CELL-00858,Rajasthan,24.557705,72.014399,0.0862,0.1133,0.1685,0.2766,0.3733,0.2384,0.2429,1.5656,1.3495,0.2204,1024.4,5.2,42.8,0.6212,0.5868,Medium
CELL-00859,Rajasthan,24.569291,74.779502,0.0242,0.0994,0.0764,0.3328,0.3487,0.1581,0.6265,2.2053,1.0478,0.376,569.6,34.4,39.2,0.6689,0.655,Medium
CELL-00860,Rajasthan,24.702229,73.23559,0.1131,0.0464,0.0687,0.1163,0.2184,0.2982,0.2575,0.7321,1.8771,-0.1546,127.1,23.6,46.6,0.9613,0.5688,High
CELL-00861,Rajasthan,26.925306,74.886834,0.0505,0.045,0.0467,0.3457,0.3122,0.2523,0.762,1.2377,0.9032,0.1062,469.7,5.9,29.0,0.6041,0.4891,Medium
CELL-00862,Rajasthan,25.32408,73.015919,0.0582,0.0617,0.0678,0.1332,0.191,0.061,0.3251,3.1325,1.434,0.516,305.1,26.1,16.3,1.0,0.8177,High
CELL-00863,Rajasthan,25.743556,74.876093,0.0228,0.1408,0.1926,0.4018,0.1337,0.148,0.352,0.9033,0.3328,-0.0508,289.7,21.0,35.6,0.5089,0.3966,Medium
CELL-00864,Rajasthan,26.072762,73.264019,0.131,0.1457,0.0316,0.3174,0.1553,0.2173,0.8187,0.7148,0.4893,-0.1663,1152.6,30.8,20.2,0.5831,0.6297,Medium
CELL-00865,Rajasthan,25.597545,72.342745,0.0914,0.0302,0.0783,0.177,0.3908,0.2682,0.3866,1.4572,2.2081,0.1861,484.6,3.2,25.8,1.0,0.4788,High
CELL-00866,Rajasthan,26.506087,73.847378,0.1024,0.1112,0.1869,0.4262,0.2441,0.1417,0.3903,1.7221,0.5727,0.2653,605.5,6.5,31.8,0.6702,0.6404,Medium
CELL-00867,Rajasthan,24.592943,73.438896,0.1354,0.115,0.1427,0.2187,0.2629,0.1842,0.2103,1.4269,1.2021,0.1759,825.0,1.8,24.7,0.8422,0.5434,High
CELL-00868,Rajasthan,26.882752,72.548084,0.0605,0.1065,0.1753,0.2458,0.318,0.3069,0.1674,1.0362,1.2937,0.0178,441.0,13.7,17.8,0.7849,0.431,High
CELL-00869,Rajasthan,25.69633,73.308868,0.0902,0.0596,0.0975,0.2756,0.3684,0.1283,0.4772,2.8724,1.3367,0.4835,1054.6,22.5,1.0,1.0,0.6721,High
CELL-00870,Rajasthan,25.144323,73.068501,0.0684,0.0777,0.1318,0.1575,0.3507,0.2937,0.0888,1.194,2.2269,0.0884,624.1,29.8,12.4,1.0,0.7009,High
CELL-00871,Rajasthan,25.373728,73.701494,0.1369,0.1755,0.1342,0.3674,0.1068,0.0982,0.4649,1.0876,0.2907,0.042,906.5,15.1,22.3,0.8766,0.606,High
CELL-00872,Rajasthan,24.555495,73.880749,0.0426,0.0396,0.0795,0.1809,0.3645,0.0665,0.3896,5.482,2.0148,0.6915,294.3,19.2,24.1,1.0,0.4255,High
CELL-00873,Rajasthan,24.79965,73.034621,0.1044,0.1624,0.0531,0.3941,0.1189,0.1145,0.7624,1.0384,0.3017,0.0189,140.9,4.9,45.9,0.4833,0.6661,Medium
CELL-00874,Rajasthan,26.879181,74.636977,0.1181,0.17,0.0596,0.3927,0.3008,0.3109,0.7364,0.9674,0.7659,-0.0166,976.6,12.1,38.7,0.3432,0.4133,Low
CELL-00875,Rajasthan,24.323717,74.80523,0.0578,0.1081,0.0904,0.436,0.1872,0.2836,0.6564,0.6602,0.4294,-0.2047,1041.0,15.2,18.9,0.443,0.5564,Low
CELL-00876,Rajasthan,26.264795,72.681379,0.1355,0.0881,0.1237,0.391,0.1403,0.2854,0.5193,0.4916,0.3588,-0.3408,755.8,31.3,8.6,0.6895,0.6034,Medium
CELL-00877,Rajasthan,24.057695,72.336604,0.1488,0.0721,0.1956,0.1639,0.1956,0.2759,-0.0882,0.7089,1.1932,-0.1704,823.6,20.3,26.5,0.5897,0.5817,Medium
CELL-00878,Rajasthan,25.327413,72.466357,0.0975,0.0676,0.0801,0.2649,0.0886,0.0776,0.5357,1.1416,0.3343,0.0661,854.5,15.0,43.2,0.4844,0.6654,Medium
CELL-00879,Rajasthan,26.3428,74.974523,0.0891,0.1324,0.0627,0.2532,0.354,0.1002,0.6029,3.5315,1.3981,0.5586,392.1,15.6,35.6,0.9747,0.5263,High
CELL-00880,Rajasthan,24.283371,73.112413,0.1122,0.0639,0.1382,0.1575,0.0979,0.0863,0.0654,1.1345,0.6218,0.063,1123.0,19.3,39.8,0.6972,0.437,Medium
CELL-00881,Rajasthan,25.484856,74.837214,0.1172,0.1396,0.0283,0.2924,0.2294,0.3284,0.8233,0.6988,0.7847,-0.1773,383.1,9.4,20.6,0.5281,0.5628,Medium
CELL-00882,Rajasthan,26.572245,73.67483,0.132,0.1547,0.0708,0.2917,0.1066,0.3246,0.6095,0.3285,0.3655,-0.5054,544.7,13.8,15.1,0.4726,0.6111,Medium
CELL-00883,Rajasthan,25.124557,74.399841,0.1285,0.0756,0.1044,0.4058,0.0969,0.3167,0.5907,0.3058,0.2387,-0.5316,341.1,23.7,29.1,0.6439,0.6702,Medium
CELL-00884,Rajasthan,24.304716,73.041084,0.09,0.1517,0.059,0.381,0.2079,0.1067,0.732,1.9488,0.5456,0.3218,934.9,3.2,25.7,0.676,0.5525,Medium
CELL-00885,Rajasthan,25.80323,73.668347,0.0726,0.0944,0.0608,0.2596,0.385,0.3051,0.6203,1.2619,1.4834,0.1158,259.8,1.0,46.7,1.0,0.926,High
CELL-00886,Rajasthan,26.342154,72.944067,0.0826,0.1753,0.141,0.1538,0.1226,0.1113,0.0435,1.102,0.7973,0.0485,943.4,10.3,1.1,0.8154,0.5008,High
CELL-00887,Rajasthan,26.761169,74.637555,0.0794,0.0916,0.1199,0.1852,0.0967,0.3318,0.214,0.2915,0.5221,-0.5486,305.4,6.9,23.6,0.4974,0.5446,Medium
CELL-00888,Rajasthan,24.443864,73.134464,0.1089,0.0643,0.0961,0.2951,0.3643,0.1478,0.5085,2.4648,1.2348,0.4228,246.9,17.1,37.3,0.9002,0.5382,High
CELL-00889,Rajasthan,24.053355,72.100678,0.0828,0.0747,0.1721,0.3108,0.2253,0.1724,0.2871,1.3068,0.7249,0.133,647.0,1.4,44.6,0.567,0.6252,Medium
CELL-00890,Rajasthan,26.543772,74.255479,0.0785,0.1219,0.1439,0.2795,0.2322,0.2435,0.3202,0.9535,0.8309,-0.0238,713.2,22.5,30.6,0.6911,0.7416,Medium
CELL-00891,Rajasthan,25.559227,74.04539,0.0784,0.0663,0.0203,0.296,0.269,0.3416,0.8719,0.7875,0.9089,-0.1189,497.6,13.8,10.1,0.8601,0.575,High
CELL-00892,Rajasthan,26.063319,73.41371,0.1339,0.0966,0.0713,0.4136,0.3557,0.0992,0.706,3.5853,0.86,0.5638,128.6,3.1,14.3,1.0,0.7587,High
CELL-00893,Rajasthan,25.119785,74.666148,0.0789,0.0773,0.1894,0.3973,0.35,0.2037,0.3543,1.7182,0.8808,0.2642,968.4,6.3,28.7,0.7791,0.7614,High
CELL-00894,Rajasthan,24.119417,74.289058,0.0419,0.1247,0.0354,0.4314,0.1734,0.1179,0.8483,1.4698,0.4018,0.1902,242.1,33.1,35.6,0.4267,0.732,Low
CELL-00895,Rajasthan,25.424183,72.330064,0.0928,0.067,0.1959,0.3788,0.2122,0.0954,0.3183,2.2238,0.5601,0.3796,963.9,4.3,9.5,0.8886,0.4812,High
CELL-00896,Rajasthan,26.36117,72.942945,0.031,0.0997,0.1547,0.1776,0.1504,0.3342,0.069,0.45,0.8468,-0.3793,1149.6,34.7,40.4,0.6399,0.5867,Medium
CELL-00897,Jharkhand,22.320676,84.954398,0.1443,0.1484,0.1503,0.1651,0.371,0.2984,0.0468,1.2436,2.2476,0.1086,280.0,30.5,13.6,1.0,0.6287,High
CELL-00898,Jharkhand,23.261414,84.284796,0.0615,0.1789,0.1421,0.3555,0.1481,0.0736,0.4288,2.0117,0.4167,0.3359,404.6,8.7,11.7,0.7736,0.4735,High
CELL-00899,Jharkhand,22.28431,86.461035,0.0439,0.0997,0.0225,0.2686,0.0979,0.3433,0.8457,0.2851,0.3644,-0.5563,969.7,17.2,4.3,0.7144,0.6885,High
CELL-00900,Jharkhand,21.872152,85.704625,0.1258,0.1452,0.1645,0.4078,0.3801,0.1717,0.425,2.2141,0.9321,0.3777,725.6,27.7,34.9,0.762,0.5689,High
CELL-00901,Jharkhand,22.086948,84.667589,0.1122,0.0427,0.1535,0.3427,0.1603,0.1259,0.3813,1.2734,0.4676,0.1203,791.7,26.7,43.8,0.6551,0.6523,Medium
CELL-00902,Jharkhand,23.72554,86.684003,0.0215,0.1749,0.1052,0.3794,0.1207,0.1688,0.5657,0.7152,0.3182,-0.1661,398.6,10.2,6.2,0.4423,0.5212,Low
CELL-00903,Jharkhand,23.067117,84.762757,0.0537,0.1033,0.1375,0.1425,0.1362,0.1242,0.0178,1.0967,0.9558,0.0461,1171.1,13.9,29.9,0.8446,0.5201,High
CELL-00904,Jharkhand,21.522358,84.104226,0.0809,0.0898,0.0446,0.3407,0.3977,0.1687,0.7683,2.3577,1.1675,0.4044,787.0,33.7,41.6,0.7541,0.4902,High
CELL-00905,Jharkhand,21.684405,85.536312,0.0563,0.0542,0.0967,0.1459,0.3037,0.1869,0.2025,1.625,2.082,0.2381,684.3,5.1,7.0,1.0,0.6368,High
CELL-00906,Jharkhand,21.588752,84.857194,0.133,0.0408,0.1777,0.2835,0.2106,0.1429,0.2295,1.474,0.743,0.1916,426.8,10.7,44.2,0.7229,0.7153,High
CELL-00907,Jharkhand,23.696247,84.771344,0.1003,0.099,0.1608,0.2082,0.2858,0.3147,0.1284,0.9083,1.3725,-0.048,542.4,2.3,25.8,0.9386,0.5096,High
CELL-00908,Jharkhand,24.153099,85.456825,0.0806,0.1282,0.0386,0.1887,0.3741,0.251,0.6602,1.4904,1.9821,0.1969,114.8,7.2,34.1,0.9237,0.6444,High
CELL-00909,Jharkhand,22.17653,86.793086,0.0919,0.1345,0.1274,0.143,0.3882,0.0869,0.0575,4.4691,2.7154,0.6343,380.4,28.5,30.9,1.0,0.7094,High
CELL-00910,Jharkhand,22.43098,86.765536,0.0247,0.1584,0.0615,0.3971,0.1245,0.2241,0.7316,0.5558,0.3137,-0.2855,1076.9,16.6,37.3,0.4862,0.6828,Medium
CELL-00911,Jharkhand,24.075989,85.340503,0.0425,0.0372,0.0644,0.1501,0.2585,0.1055,0.3998,2.451,1.7223,0.4205,142.8,1.3,41.6,0.8545,0.72,High
CELL-00912,Jharkhand,23.982684,84.21059,0.1474,0.1224,0.053,0.3377,0.3243,0.1788,0.7286,1.8136,0.9603,0.2892,1047.8,5.3,13.9,0.6663,0.5297,Medium
CELL-00913,Jharkhand,22.016186,86.7529,0.0302,0.0941,0.1158,0.4145,0.3993,0.276,0.5632,1.4465,0.9631,0.1825,1167.9,27.5,48.2,0.5403,0.6009,Medium
CELL-00914,Jharkhand,22.505761,85.939792,0.0656,0.071,0.1239,0.4267,0.0912,0.2808,0.5499,0.3248,0.2137,-0.5097,895.0,33.7,46.5,0.609,0.8804,Medium
CELL-00915,Jharkhand,21.912803,85.635707,0.1195,0.1644,0.1621,0.1683,0.2719,0.1497,0.0187,1.8169,1.6151,0.29,110.1,7.0,5.7,1.0,0.734,High
CELL-00916,Jharkhand,22.154094,86.87981,0.0693,0.0314,0.0711,0.1418,0.1129,0.0732,0.332,1.5414,0.7964,0.213,752.6,6.6,18.1,0.6831,0.679,Medium
CELL-00917,Jharkhand,24.047074,85.493814,0.0718,0.1426,0.0332,0.1313,0.2886,0.1961,0.5967,1.472,2.198,0.1909,969.5,32.1,19.4,0.9616,0.8695,High
CELL-00918,Jharkhand,24.244832,86.493253,0.1385,0.0682,0.1591,0.1929,0.1468,0.3333,0.0962,0.4405,0.7609,-0.3884,121.2,33.8,7.5,0.5353,0.6185,Medium
CELL-00919,Jharkhand,22.352107,84.650273,0.0961,0.0822,0.1383,0.1055,0.1006,0.0799,-0.1348,1.2591,0.9538,0.1147,560.9,28.5,44.4,0.8256,0.5033,High
CELL-00920,Jharkhand,23.605095,84.866488,0.0732,0.1086,0.0443,0.1091,0.1289,0.2381,0.4226,0.5415,1.1815,-0.2975,181.0,6.6,16.9,0.7112,0.8026,High
CELL-00921,Jharkhand,23.317946,85.766075,0.0491,0.1571,0.1085,0.3879,0.2099,0.3454,0.5627,0.6078,0.5412,-0.244,947.5,33.8,25.7,0.8301,0.6959,High
CELL-00922,Jharkhand,23.940874,86.892437,0.0622,0.1498,0.0579,0.291,0.1376,0.1542,0.668,0.8919,0.4728,-0.0571,1124.5,5.1,31.6,0.3127,0.5537,Low
CELL-00923,Jharkhand,22.277937,85.688945,0.0443,0.1501,0.195,0.1752,0.1398,0.1865,-0.0536,0.7497,0.7982,-0.143,922.5,9.9,1.0,1.0,0.722,High
CELL-00924,Jharkhand,22.473831,85.260404,0.146,0.1342,0.1495,0.2969,0.3919,0.2567,0.3304,1.5268,1.3197,0.2085,1084.5,24.5,36.8,0.9205,0.6307,High
CELL-00925,Jharkhand,23.648954,84.890119,0.0932,0.0674,0.1671,0.1387,0.3454,0.2308,-0.0928,1.4965,2.4909,0.1989,305.6,19.0,14.1,1.0,0.5086,High
CELL-00926,Jharkhand,21.489958,86.957885,0.0241,0.1294,0.0868,0.3261,0.194,0.2521,0.5795,0.7695,0.5949,-0.1303,902.2,24.2,5.7,0.3347,0.5971,Low
CELL-00927,Jharkhand,21.386404,85.244492,0.0764,0.1001,0.1469,0.2081,0.1809,0.0682,0.1725,2.6537,0.8693,0.4526,855.5,19.9,17.5,0.9181,0.7685,High
CELL-00928,Jharkhand,22.707735,85.533974,0.1027,0.129,0.072,0.1493,0.1301,0.2418,0.3491,0.5381,0.8718,-0.3003,1060.2,14.3,8.5,1.0,0.8363,High
CELL-00929,Jharkhand,23.941747,85.820494,0.1319,0.0323,0.0393,0.1324,0.308,0.0709,0.5422,4.3462,2.3265,0.6259,646.0,16.5,15.5,1.0,0.6358,High
CELL-00930,Jharkhand,22.357388,86.322515,0.024,0.1309,0.167,0.4263,0.3604,0.1458,0.4372,2.4717,0.8455,0.4239,745.0,2.7,12.9,0.9658,0.5983,High
CELL-00931,Jharkhand,23.925562,85.041501,0.093,0.095,0.1026,0.4394,0.1748,0.2382,0.6214,0.7337,0.3978,-0.1536,562.1,2.1,24.5,0.6151,0.7101,Medium
CELL-00932,Jharkhand,22.995053,85.404679,0.1355,0.145,0.1661,0.3846,0.2857,0.1874,0.3967,1.5243,0.7427,0.2077,1051.1,32.4,1.2,1.0,0.7291,High
CELL-00933,Jharkhand,22.466385,84.3573,0.0305,0.0535,0.065,0.271,0.3045,0.3459,0.6132,0.8802,1.1236,-0.0637,585.7,18.1,26.1,0.7812,0.9068,High
CELL-00934,Jharkhand,21.326324,84.005174,0.0327,0.0452,0.1469,0.1717,0.3663,0.3286,0.078,1.1148,2.1332,0.0543,1173.5,32.9,13.6,0.6917,0.504,Medium
CELL-00935,Jharkhand,23.718629,86.665295,0.1307,0.095,0.1566,0.1342,0.0929,0.276,-0.0771,0.3366,0.6923,-0.4964,567.9,34.8,4.9,0.6676,0.6937,Medium
CELL-00936,Jharkhand,23.781451,86.451382,0.1391,0.0747,0.191,0.1531,0.1062,0.1795,-0.1101,0.5919,0.6939,-0.2564,1011.2,16.6,41.5,0.5444,0.6629,Medium
CELL-00937,Jharkhand,24.146645,84.182344,0.1368,0.0757,0.11,0.2478,0.135,0.1574,0.3851,0.8574,0.5447,-0.0768,312.2,7.1,9.4,0.6041,0.5121,Medium
CELL-00938,Jharkhand,23.00691,86.67962,0.1028,0.1334,0.1402,0.2573,0.3006,0.0709,0.2947,4.2389,1.1682,0.6182,1045.8,27.2,12.3,1.0,0.6979,High
CELL-00939,Jharkhand,23.740908,84.013445,0.0852,0.1357,0.048,0.3274,0.1069,0.1044,0.7444,1.0241,0.3265,0.0119,623.4,22.9,7.3,0.3715,0.4803,Low
CELL-00940,Jharkhand,22.016102,84.679662,0.0714,0.1281,0.0988,0.3716,0.3102,0.088,0.5798,3.5263,0.8347,0.5581,153.7,30.7,4.0,1.0,0.8132,High
CELL-00941,Jharkhand,24.260711,86.660797,0.0734,0.0857,0.0734,0.1533,0.1242,0.0897,0.3524,1.3847,0.8099,0.1613,225.5,8.4,15.3,0.6042,0.5707,Medium
CELL-00942,Jharkhand,24.262787,85.117401,0.0795,0.0787,0.0529,0.1501,0.3824,0.346,0.4787,1.1051,2.5477,0.0499,149.4,5.3,21.2,0.9174,0.4601,High
CELL-00943,Jharkhand,21.687289,85.369535,0.0553,0.0828,0.037,0.2498,0.3946,0.1486,0.7422,2.6548,1.5796,0.4528,1064.1,29.5,47.6,0.9724,0.7444,High
CELL-00944,Jharkhand,23.869753,84.226934,0.0802,0.1784,0.1585,0.4367,0.3295,0.3125,0.4674,1.0545,0.7544,0.0265,877.2,26.6,26.2,0.5448,0.6419,Medium
CELL-00945,Jharkhand,22.21374,84.106889,0.1416,0.1179,0.0737,0.1522,0.3454,0.301,0.3477,1.1478,2.2697,0.0688,996.0,22.6,18.3,0.9177,0.8048,High
CELL-00946,Jharkhand,22.880068,86.780139,0.0241,0.146,0.0294,0.1134,0.2175,0.0689,0.5884,3.1563,1.9191,0.5188,968.1,18.5,1.5,1.0,0.5619,High
CELL-00947,Jharkhand,23.718335,85.313399,0.0921,0.15,0.1299,0.1787,0.2762,0.2385,0.1581,1.1581,1.5458,0.0732,907.5,21.7,48.5,1.0,0.7039,High
CELL-00948,Jharkhand,21.598385,85.141728,0.12,0.136,0.0272,0.2913,0.1082,0.3488,0.8291,0.3104,0.3716,-0.5263,1087.0,0.7,42.9,0.4485,0.6768,Low
CELL-00949,Jharkhand,23.458505,85.326311,0.1052,0.081,0.0781,0.2486,0.1266,0.2993,0.522,0.4229,0.5093,-0.4056,483.6,14.0,44.7,0.9006,0.6742,High
CELL-00950,Jharkhand,24.169494,86.660179,0.042,0.101,0.1948,0.2303,0.1989,0.1085,0.0835,1.8331,0.8636,0.294,225.8,25.9,38.5,0.6848,0.5027,Medium
CELL-00951,Jharkhand,23.0553,84.644614,0.1356,0.179,0.0356,0.4018,0.205,0.2072,0.8372,0.9891,0.5101,-0.0055,1106.3,34.1,13.1,0.5928,0.6696,Medium
CELL-00952,Jharkhand,22.535695,84.220152,0.0727,0.036,0.1703,0.1734,0.1851,0.311,0.0089,0.595,1.0672,-0.2539,920.9,7.7,3.6,0.7496,0.756,High
CELL-00953,Jharkhand,23.59824,85.335884,0.065,0.0977,0.1547,0.4158,0.0959,0.2072,0.4575,0.4629,0.2307,-0.3672,136.1,16.4,44.3,0.6162,0.6588,Medium
CELL-00954,Jharkhand,23.191825,86.802466,0.1184,0.0455,0.0616,0.238,0.1344,0.1985,0.5887,0.6773,0.5649,-0.1924,618.5,33.5,21.7,0.4969,0.6307,Medium
CELL-00955,Jharkhand,22.78809,85.043219,0.072,0.0841,0.1687,0.2582,0.2476,0.3447,0.2096,0.7182,0.9587,-0.164,166.0,17.1,38.7,0.8792,0.6252,High
CELL-00956,Jharkhand,22.018394,86.602212,0.0625,0.0794,0.1277,0.1642,0.1712,0.175,0.1253,0.9781,1.0421,-0.0111,489.0,18.4,30.0,0.8385,0.6802,High
CELL-00957,Jharkhand,22.223249,84.379279,0.1189,0.1576,0.0663,0.2425,0.2395,0.21,0.5708,1.1407,0.9879,0.0657,825.4,1.5,36.1,0.6563,0.5391,Medium
CELL-00958,Jharkhand,23.783013,85.353646,0.0394,0.1778,0.1801,0.37,0.2117,0.1052,0.3452,2.0131,0.5722,0.3362,1135.6,18.6,42.6,0.6592,0.5283,Medium
CELL-00959,Jharkhand,24.256621,85.565499,0.0383,0.063,0.1067,0.1149,0.228,0.1757,0.0366,1.2979,1.985,0.1296,957.3,12.4,49.1,0.8892,0.4582,High
CELL-00960,Jharkhand,21.569098,86.201592,0.1493,0.1529,0.12,0.2697,0.3472,0.3308,0.384,1.0496,1.2876,0.0242,1188.1,13.9,49.5,0.5978,0.5211,Medium
CELL-00961,Jharkhand,21.567048,84.815216,0.1198,0.1579,0.1602,0.3209,0.2445,0.2626,0.334,0.9309,0.7619,-0.0358,529.9,29.4,33.9,0.5818,0.7763,Medium
CELL-00962,Jharkhand,23.955687,84.756044,0.0695,0.1466,0.1087,0.4112,0.1908,0.1608,0.5819,1.1869,0.4641,0.0855,1077.6,16.3,25.8,0.445,0.5023,Low
CELL-00963,Jharkhand,23.267846,84.359522,0.1343,0.1469,0.0543,0.3429,0.2728,0.1054,0.7264,2.5896,0.7957,0.4428,400.5,14.3,35.0,0.8326,0.8334,High
CELL-00964,Jharkhand,23.605232,86.273813,0.1003,0.148,0.0802,0.4084,0.2768,0.2967,0.6719,0.9328,0.6776,-0.0348,700.9,7.6,27.1,0.7279,0.5377,High
CELL-00965,Jharkhand,22.727381,86.508338,0.1081,0.1327,0.0591,0.4445,0.3493,0.2867,0.7653,1.2185,0.7859,0.0985,463.2,18.7,6.9,0.6363,0.6609,Medium
CELL-00966,Jharkhand,22.959114,85.946166,0.0707,0.1048,0.1776,0.138,0.3334,0.1012,-0.1255,3.2932,2.4157,0.5341,140.4,6.5,38.3,1.0,0.7036,High
CELL-00967,Jharkhand,22.874123,84.066751,0.1132,0.0465,0.1621,0.1588,0.1905,0.2784,-0.0101,0.6845,1.1996,-0.1873,1149.7,13.0,41.5,0.728,0.5322,High
CELL-00968,Jharkhand,23.272482,84.578231,0.0593,0.0498,0.0889,0.1713,0.2861,0.3484,0.3164,0.8212,1.6703,-0.0982,113.2,18.9,28.7,0.8624,0.7314,High
CELL-00969,Jharkhand,22.931104,85.414958,0.055,0.0384,0.0936,0.1184,0.2562,0.1422,0.1172,1.8015,2.1634,0.2861,687.0,4.7,46.6,1.0,0.6187,High
CELL-00970,Jharkhand,21.587059,85.063703,0.0526,0.1673,0.1735,0.3029,0.2465,0.3292,0.2718,0.7488,0.8137,-0.1437,1125.7,33.9,6.3,0.7171,0.5149,High
CELL-00971,Jharkhand,22.924303,84.055398,0.0281,0.1632,0.1764,0.225,0.3651,0.2281,0.1212,1.6008,1.6225,0.231,986.5,15.0,5.7,0.8324,0.354,High
CELL-00972,Jharkhand,22.952833,84.316748,0.1489,0.0666,0.0557,0.2844,0.2519,0.1819,0.6722,1.3845,0.8858,0.1613,949.1,18.1,30.5,0.7516,0.639,High
CELL-00973,Jharkhand,21.352166,85.215546,0.1404,0.083,0.1026,0.4435,0.1438,0.0696,0.6244,2.0666,0.3242,0.3478,1045.4,30.4,23.6,0.6976,0.584,Medium
CELL-00974,Jharkhand,23.515678,84.795447,0.0222,0.102,0.1746,0.4135,0.386,0.3139,0.4063,1.2298,0.9334,0.1031,738.0,15.6,38.7,0.746,0.8172,High
CELL-00975,Jharkhand,21.561982,86.778244,0.0792,0.0845,0.1333,0.3358,0.1474,0.3011,0.4317,0.4896,0.439,-0.3426,418.9,6.5,20.3,0.3175,0.5815,Low
CELL-00976,Jharkhand,23.784165,86.015964,0.1462,0.0682,0.1074,0.2754,0.1565,0.227,0.4388,0.6895,0.5683,-0.1838,587.6,15.6,18.1,0.6412,0.5968,Medium
